/*******************************************************************************
 * Size: 14 px
 * Bpp: 1
 * Opts: --no-compress --no-prefilter --force-fast-kern-format --font /Users/terrence/Downloads/workspace/xiaozhi-esp32/components/noto-fonts/build/ttf/noto-sans-basic-extra_light-cjk-x1_0-y1_0.ttf --autohint-off --format lvgl --bpp 1 --size 14 -r 0x20-0x7e,0xa1-0xff,0x103,0x105,0x107,0x10c-0x10d,0x10f-0x111,0x119,0x11b,0x11f,0x131,0x13e,0x141-0x142,0x151,0x159,0x15b,0x15e-0x15f,0x161,0x165,0x16f,0x17a,0x17c,0x17e,0x1b0,0x219,0x21b,0x388,0x391-0x393,0x395,0x397,0x39b-0x39d,0x39f-0x3a0,0x3a3-0x3a4,0x3a6-0x3a7,0x3ac-0x3af,0x3b1-0x3c9,0x3cc-0x3ce,0x406,0x408,0x410-0x413,0x417-0x418,0x41a,0x41c-0x423,0x427,0x430-0x44c,0x44e-0x44f,0x452,0x456-0x45b,0x60c,0x622-0x623,0x625-0x63a,0x640-0x64b,0x64f,0x67e,0x698,0x6a9,0x6af,0x6cc,0x901-0x903,0x905-0x907,0x909,0x90f,0x915-0x917,0x91a,0x91c,0x91f,0x921,0x923-0x928,0x92a-0x930,0x932,0x935-0x939,0x93c,0x93e-0x943,0x947-0x949,0x94b,0x94d,0xe01-0xe02,0xe04,0xe07-0xe0b,0xe13-0xe17,0xe19-0xe1c,0xe1e-0xe23,0xe25,0xe27,0xe2a-0xe2b,0xe2d-0xe2e,0xe30-0xe39,0xe40-0xe44,0xe47-0xe49,0xe4c,0x1ea1,0x1ea3,0x1ea5,0x1ea7,0x1ead,0x1eaf,0x1ebb,0x1ebd,0x1ebf,0x1ec3,0x1ec7,0x1ecb,0x1ed1,0x1ed3,0x1ed7,0x1ed9,0x1edb,0x1edd,0x1edf,0x1ee3,0x1ee5,0x1ee7,0x1eed,0x200c,0x3001-0x3002,0x3044,0x3046,0x3048,0x304a-0x304d,0x304f,0x3053,0x3055,0x3057,0x3059,0x305b,0x305f-0x3061,0x3063-0x3064,0x3066-0x3067,0x306a-0x306b,0x306e-0x306f,0x307e-0x307f,0x3082,0x308a,0x308c,0x3092-0x3093,0x30a2-0x30a4,0x30a6,0x30a8-0x30ab,0x30ad,0x30af-0x30b0,0x30b5-0x30b9,0x30bb,0x30bf-0x30c0,0x30c3,0x30c6-0x30c9,0x30cb,0x30cd,0x30d0,0x30d5-0x30d7,0x30d9,0x30de-0x30e0,0x30e2-0x30e3,0x30e5,0x30e7,0x30e9-0x30ed,0x30ef,0x30f3,0x30fc,0x4e00,0x4e0b,0x4e0d,0x4e2d,0x4e86,0x4f3a,0x4f4e,0x4f60,0x4fe1,0x5019,0x5099,0x5145,0x5148,0x5165,0x5173,0x5185,0x518d,0x51fa,0x5207,0x521d,0x5229,0x5230,0x529f-0x52a1,0x52b9,0x52d9,0x5316,0x5347,0x5361,0x53cb,0x53d1,0x53ef,0x540e,0x542c,0x542f,0x544a,0x547d,0x54cd,0x554f,0x555f,0x5668,0x5728,0x5831,0x5907,0x5927,0x5931,0x597d,0x59cb,0x5b8c,0x5b9a,0x5bfb,0x5c06-0x5c07,0x5c0b,0x5c11,0x5df2,0x5e94,0x5ea6,0x5f00,0x5f0f,0x5f55,0x5f85,0x5f8c,0x5fdc,0x6001,0x606f,0x60c5,0x614b,0x61c9,0x6210-0x6211,0x624b,0x626b,0x627e,0x633f,0x6362,0x6383,0x63a2,0x63a5,0x63cf,0x63d2,0x63db,0x6557,0x65b0,0x65e0,0x65f6,0x6642,0x66f4,0x66ff-0x6700,0x6709,0x670b,0x670d,0x671f,0x672c,0x673a,0x67e5,0x68c0,0x691c,0x6a21,0x6a5f,0x6aa2,0x6b63,0x6cd5,0x6d3b,0x6d41,0x6d4b,0x6d4f,0x6e2c,0x6e80,0x6e90,0x6ee1,0x6eff,0x6fc0,0x700f,0x70b9,0x70ed,0x7121,0x7248,0x72b6,0x72c0,0x73b0,0x73fe,0x7528,0x7535,0x767b-0x767c,0x7684,0x78ba,0x79d2,0x7a0d,0x7b49,0x7b54,0x7cfb,0x7d1a,0x7d42,0x7d44,0x7d61,0x7d71,0x7d9a,0x7db2,0x7dda,0x7ea7,0x7ec4,0x7edc,0x7edf,0x7f51,0x8046,0x807d,0x80fd,0x822a,0x884c,0x898b,0x89bd,0x89c8,0x8a0a,0x8a2a,0x8a2d,0x8a66,0x8a71,0x8a8d,0x8aa4,0x8aaa,0x8aad,0x8acb,0x8b66,0x8bbe-0x8bbf,0x8bd5,0x8bdd,0x8bef,0x8bf4,0x8bf7,0x8cc7,0x8d25,0x8d44,0x8d85,0x8db3,0x8def,0x8f09,0x8f7d,0x8fbc,0x8fdb,0x8fde,0x9001,0x9023,0x9054,0x914d,0x91cd,0x91cf,0x932f,0x9519,0x9589,0x958b,0x9593,0x95dc,0x95ed-0x95ee,0x96fb,0x9759,0x975c,0x97f3,0x97ff,0x98db,0x98de,0xac00,0xac04,0xac10,0xac70,0xacac,0xacb0,0xacbd,0xace0,0xacf5,0xacfc,0xad6c,0xadf8,0xae30,0xaebc,0xb044,0xb098,0xb124,0xb155,0xb294,0xb2a5,0xb2c8,0xb2e4,0xb2f5,0xb300,0xb380,0xb3c4,0xb428,0xb4c8,0xb4dc,0xb4e3,0xb529,0xb808,0xb824,0xb85c,0xb958,0xb968,0xb97c,0xb9ac,0xb9d0,0xbaa8,0xbc1c,0xbc30,0xbc84,0xbcf4,0xbcfc,0xbd80,0xbe44,0xc0ac,0xc0bd,0xc0c1,0xc0c8,0xc11c,0xc124,0xc131,0xc138,0xc14b,0xc18c-0xc18d,0xc1a1,0xc218,0xc2a4,0xc2b5,0xc2dc,0xc2e4,0xc548,0xc5c5-0xc5c6,0xc5d0,0xc5f0,0xc624,0xc644,0xc694,0xc6a9,0xc6b4,0xc6cc,0xc744,0xc74c,0xc751,0xc774,0xc778,0xc785,0xc788,0xc7a0,0xc804,0xc811,0xc815,0xc838,0xc871,0xc8fc,0xc911,0xc9c0,0xc9c4,0xcc3e,0xcd08,0xcd5c,0xcda9,0xce5c,0xce74,0xce94,0xcf1c,0xd06c,0xd0dc,0xd130,0xd15c,0xd2b8,0xd31f,0xd328,0xd558,0xd55c,0xd560,0xd569,0xd56b,0xd588-0xd589,0xd654-0xd655,0xd658,0xd65c,0xd6c4,0xff01,0xff0c,0xff1a -o /Users/terrence/Downloads/workspace/xiaozhi-esp32/components/noto-fonts/src/font_noto_sans_basic_14_1.c --lv-include lvgl.h --lv-font-name font_noto_sans_basic_14_1
 ******************************************************************************/

#ifdef LV_LVGL_H_INCLUDE_SIMPLE
#include "lvgl.h"
#else
#include "lvgl.h"
#endif

#ifndef FONT_NOTO_SANS_BASIC_14_1
#define FONT_NOTO_SANS_BASIC_14_1 1
#endif

#if FONT_NOTO_SANS_BASIC_14_1

/*-----------------
 *    BITMAPS
 *----------------*/

/*Store the image of the glyphs*/
static LV_ATTRIBUTE_LARGE_CONST const uint8_t glyph_bitmap[] = {
    /* U+0020 " " */
    0x0,

    /* U+0021 "!" */
    0xff, 0x40,

    /* U+0022 "\"" */
    0xb6, 0xd0,

    /* U+0023 "#" */
    0x12, 0x9, 0x4, 0x8f, 0xf1, 0x21, 0x23, 0xfc,
    0x48, 0x24, 0x12, 0x0,

    /* U+0024 "$" */
    0x21, 0xea, 0x28, 0xa1, 0x83, 0x89, 0x24, 0x9f,
    0x88,

    /* U+0025 "%" */
    0xe1, 0x49, 0x25, 0x12, 0x89, 0xbf, 0x64, 0x52,
    0x29, 0x24, 0x91, 0xc0,

    /* U+0026 "&" */
    0x78, 0x22, 0x11, 0x9, 0x3, 0x2, 0x8a, 0x25,
    0xa, 0x82, 0x3e, 0xc0,

    /* U+0027 "'" */
    0xf0,

    /* U+0028 "(" */
    0x6a, 0xaa, 0xa9,

    /* U+0029 ")" */
    0xc8, 0x92, 0x49, 0x25, 0x60,

    /* U+002A "*" */
    0x20, 0x8a, 0xdc, 0x31, 0x20,

    /* U+002B "+" */
    0x20, 0x82, 0x3f, 0x20, 0x80,

    /* U+002C "," */
    0xf0,

    /* U+002D "-" */
    0xe0,

    /* U+002E "." */
    0x80,

    /* U+002F "/" */
    0x11, 0x12, 0x22, 0x44, 0x48,

    /* U+0030 "0" */
    0x7a, 0x18, 0x61, 0x86, 0x18, 0x61, 0x85, 0xe0,

    /* U+0031 "1" */
    0x35, 0x91, 0x11, 0x11, 0x11,

    /* U+0032 "2" */
    0xf8, 0x10, 0x41, 0x8, 0x41, 0x8, 0x43, 0xf0,

    /* U+0033 "3" */
    0xf8, 0x10, 0x41, 0x78, 0x20, 0x41, 0x7, 0xe0,

    /* U+0034 "4" */
    0x4, 0xc, 0x14, 0x14, 0x24, 0x44, 0x84, 0x7f,
    0x4, 0x4,

    /* U+0035 "5" */
    0x7a, 0x8, 0x20, 0xf8, 0x10, 0x41, 0x7, 0xe0,

    /* U+0036 "6" */
    0x3d, 0x8, 0x20, 0xfa, 0x18, 0x61, 0x85, 0xe0,

    /* U+0037 "7" */
    0xfc, 0x10, 0x82, 0x8, 0x41, 0x8, 0x21, 0x0,

    /* U+0038 "8" */
    0x7a, 0x18, 0x72, 0x31, 0x28, 0x61, 0x85, 0xe0,

    /* U+0039 "9" */
    0x7a, 0x18, 0x61, 0x85, 0xf0, 0x41, 0xb, 0xc0,

    /* U+003A ":" */
    0xc1,

    /* U+003B ";" */
    0xc3, 0xc0,

    /* U+003C "<" */
    0xc, 0xcc, 0x10, 0x30, 0x30,

    /* U+003D "=" */
    0xfc, 0x0, 0x3f,

    /* U+003E ">" */
    0xc0, 0xc0, 0xc2, 0x33, 0x0,

    /* U+003F "?" */
    0xf8, 0x42, 0x11, 0x10, 0x84, 0x1, 0x0,

    /* U+0040 "@" */
    0x1f, 0xc, 0x12, 0x1, 0x47, 0x99, 0x13, 0x42,
    0x68, 0x8c, 0x9a, 0x8c, 0x88, 0x0, 0xfc, 0x0,

    /* U+0041 "A" */
    0x8, 0x18, 0x14, 0x24, 0x24, 0x22, 0x5e, 0x42,
    0x81, 0x81,

    /* U+0042 "B" */
    0xfd, 0x6, 0xc, 0x1f, 0xd0, 0xa0, 0xc1, 0x83,
    0xf8,

    /* U+0043 "C" */
    0x3e, 0x82, 0x4, 0x8, 0x10, 0x20, 0x40, 0x40,
    0x7c,

    /* U+0044 "D" */
    0xfc, 0x82, 0x81, 0x81, 0x81, 0x81, 0x81, 0x81,
    0x82, 0xfc,

    /* U+0045 "E" */
    0xfe, 0x8, 0x20, 0xfe, 0x8, 0x20, 0x83, 0xf0,

    /* U+0046 "F" */
    0xfe, 0x8, 0x20, 0x83, 0xf8, 0x20, 0x82, 0x0,

    /* U+0047 "G" */
    0x3f, 0x40, 0x80, 0x80, 0x80, 0x8f, 0x81, 0x81,
    0x41, 0x3f,

    /* U+0048 "H" */
    0x81, 0x81, 0x81, 0x81, 0xff, 0x81, 0x81, 0x81,
    0x81, 0x81,

    /* U+0049 "I" */
    0xd5, 0x55, 0x70,

    /* U+004A "J" */
    0x24, 0x92, 0x49, 0x24, 0xf0,

    /* U+004B "K" */
    0x83, 0xa, 0x24, 0x8a, 0x1a, 0x22, 0x44, 0x85,
    0x4,

    /* U+004C "L" */
    0x82, 0x8, 0x20, 0x82, 0x8, 0x20, 0x83, 0xf0,

    /* U+004D "M" */
    0x80, 0xe0, 0x70, 0x74, 0x3a, 0x1c, 0x96, 0x4b,
    0x29, 0x8c, 0xc4, 0x40,

    /* U+004E "N" */
    0x81, 0xc1, 0xa1, 0xa1, 0x91, 0x89, 0x89, 0x85,
    0x83, 0x81,

    /* U+004F "O" */
    0x3e, 0x20, 0xa0, 0x30, 0x18, 0xc, 0x6, 0x3,
    0x1, 0x41, 0x1f, 0x0,

    /* U+0050 "P" */
    0xfa, 0x18, 0x61, 0x87, 0xe8, 0x20, 0x82, 0x0,

    /* U+0051 "Q" */
    0x3e, 0x20, 0xa0, 0x30, 0x18, 0xc, 0x6, 0x3,
    0x1, 0x41, 0x1f, 0x1, 0x0, 0x40,

    /* U+0052 "R" */
    0xf9, 0xa, 0xc, 0x28, 0x5f, 0x22, 0x42, 0x85,
    0x4,

    /* U+0053 "S" */
    0x7e, 0x8, 0x20, 0x60, 0x60, 0x41, 0x7, 0xe0,

    /* U+0054 "T" */
    0xfe, 0x20, 0x40, 0x81, 0x2, 0x4, 0x8, 0x10,
    0x20,

    /* U+0055 "U" */
    0x81, 0x81, 0x81, 0x81, 0x81, 0x81, 0x81, 0x81,
    0x42, 0x3c,

    /* U+0056 "V" */
    0x81, 0x81, 0x42, 0x42, 0x42, 0x24, 0x24, 0x18,
    0x18, 0x10,

    /* U+0057 "W" */
    0x82, 0x14, 0x61, 0x46, 0x24, 0x52, 0x49, 0x22,
    0x92, 0x29, 0x42, 0x8c, 0x30, 0xc1, 0x8,

    /* U+0058 "X" */
    0x82, 0x88, 0x91, 0x41, 0x2, 0xa, 0x22, 0x43,
    0x4,

    /* U+0059 "Y" */
    0x82, 0x85, 0x11, 0x22, 0x82, 0x4, 0x8, 0x10,
    0x20,

    /* U+005A "Z" */
    0x7e, 0x2, 0x4, 0x8, 0x8, 0x10, 0x20, 0x20,
    0x40, 0xff,

    /* U+005B "[" */
    0xf2, 0x49, 0x24, 0x92, 0x70,

    /* U+005C "\\" */
    0x84, 0x44, 0x22, 0x21, 0x11,

    /* U+005D "]" */
    0xe4, 0x92, 0x49, 0x24, 0xf0,

    /* U+005E "^" */
    0x10, 0xc4, 0x92, 0x86, 0x10,

    /* U+005F "_" */
    0xfc,

    /* U+0060 "`" */
    0xa4,

    /* U+0061 "a" */
    0x74, 0x42, 0x17, 0xc6, 0x3f,

    /* U+0062 "b" */
    0x82, 0x8, 0x2e, 0xc6, 0x18, 0x61, 0x86, 0x1f,
    0x80,

    /* U+0063 "c" */
    0x3a, 0x21, 0x8, 0x42, 0xf,

    /* U+0064 "d" */
    0x4, 0x10, 0x4d, 0xce, 0x18, 0x61, 0x86, 0x17,
    0xc0,

    /* U+0065 "e" */
    0x31, 0x28, 0x61, 0xfa, 0x8, 0x1f,

    /* U+0066 "f" */
    0x19, 0x11, 0xe4, 0x21, 0x8, 0x42, 0x10,

    /* U+0067 "g" */
    0x33, 0x38, 0x61, 0x86, 0x18, 0x5f, 0x4, 0x1f,
    0x80,

    /* U+0068 "h" */
    0x82, 0x8, 0x2e, 0xc6, 0x18, 0x61, 0x86, 0x18,
    0x40,

    /* U+0069 "i" */
    0x9f, 0xc0,

    /* U+006A "j" */
    0x20, 0x12, 0x49, 0x24, 0x9e,

    /* U+006B "k" */
    0x82, 0x8, 0x20, 0x8a, 0x4a, 0x38, 0x92, 0x28,
    0xc0,

    /* U+006C "l" */
    0xff, 0xe0,

    /* U+006D "m" */
    0x33, 0xb3, 0x18, 0x46, 0x11, 0x84, 0x61, 0x18,
    0x46, 0x11,

    /* U+006E "n" */
    0x3b, 0x18, 0x61, 0x86, 0x18, 0x61,

    /* U+006F "o" */
    0x31, 0x38, 0x61, 0x86, 0x18, 0x5e,

    /* U+0070 "p" */
    0x3b, 0x18, 0x61, 0x86, 0x18, 0x7e, 0x82, 0x8,
    0x0,

    /* U+0071 "q" */
    0x33, 0x38, 0x61, 0x86, 0x18, 0x5f, 0x4, 0x10,
    0x40,

    /* U+0072 "r" */
    0x3c, 0x88, 0x88, 0x88,

    /* U+0073 "s" */
    0x74, 0x61, 0x83, 0x4, 0x3e,

    /* U+0074 "t" */
    0x4f, 0x44, 0x44, 0x44, 0x30,

    /* U+0075 "u" */
    0x86, 0x18, 0x61, 0x86, 0x17, 0xc0,

    /* U+0076 "v" */
    0x85, 0x14, 0x92, 0x28, 0xc1, 0x0,

    /* U+0077 "w" */
    0x8c, 0x53, 0x24, 0xc9, 0x4a, 0x52, 0x88, 0xc2,
    0x10,

    /* U+0078 "x" */
    0xc4, 0xa3, 0x4, 0x29, 0x1c, 0x40,

    /* U+0079 "y" */
    0x85, 0x14, 0x92, 0x28, 0xc1, 0x8, 0x23, 0x80,

    /* U+007A "z" */
    0xf8, 0x88, 0x44, 0x43, 0xe0,

    /* U+007B "{" */
    0x12, 0x22, 0x24, 0xc2, 0x22, 0x23,

    /* U+007C "|" */
    0xff, 0xfc,

    /* U+007D "}" */
    0xc2, 0x22, 0x22, 0x12, 0x22, 0x2e,

    /* U+007E "~" */
    0x66, 0x70,

    /* U+00A1 "¡" */
    0xdf, 0xe0,

    /* U+00A2 "¢" */
    0x10, 0xf4, 0x20, 0x82, 0x8, 0x10, 0x3c, 0x40,

    /* U+00A3 "£" */
    0x3d, 0x4, 0x10, 0x43, 0xe4, 0x10, 0x43, 0xf0,

    /* U+00A4 "¤" */
    0xfe, 0x18, 0x61, 0x87, 0xf0,

    /* U+00A5 "¥" */
    0x81, 0x42, 0x24, 0x24, 0x18, 0x7e, 0x10, 0x7e,
    0x10, 0x10,

    /* U+00A6 "¦" */
    0xfc, 0x7c,

    /* U+00A7 "§" */
    0x7c, 0x20, 0xc9, 0xc7, 0x26, 0x8, 0x7c,

    /* U+00A8 "¨" */
    0x90,

    /* U+00A9 "©" */
    0x3f, 0x10, 0x29, 0xe6, 0x81, 0xa0, 0x68, 0x1a,
    0x6, 0x79, 0x40, 0x8f, 0xc0,

    /* U+00AA "ª" */
    0xe7, 0xf0,

    /* U+00AB "«" */
    0x2a, 0x55, 0x24, 0x94,

    /* U+00AC "¬" */
    0xfc, 0x10, 0x40,

    /* U+00AD "­" */
    0xe0,

    /* U+00AE "®" */
    0x3f, 0x10, 0x29, 0xc6, 0x49, 0x92, 0x67, 0x19,
    0x46, 0x49, 0x40, 0x8f, 0xc0,

    /* U+00AF "¯" */
    0xfe,

    /* U+00B0 "°" */
    0xf9, 0x96,

    /* U+00B1 "±" */
    0x20, 0x82, 0x3f, 0x20, 0x80, 0x3f,

    /* U+00B2 "²" */
    0x71, 0x12, 0x4f,

    /* U+00B3 "³" */
    0xf1, 0x17, 0x1f,

    /* U+00B4 "´" */
    0x68,

    /* U+00B5 "µ" */
    0x86, 0x18, 0x61, 0x86, 0x1f, 0xe0, 0x82, 0x0,

    /* U+00B6 "¶" */
    0x3d, 0xdf, 0x7d, 0xf5, 0xd1, 0x45, 0x14, 0x51,
    0x45, 0x14,

    /* U+00B7 "·" */
    0x80,

    /* U+00B8 "¸" */
    0x47, 0x80,

    /* U+00B9 "¹" */
    0x75, 0x50,

    /* U+00BA "º" */
    0x74, 0x62, 0xa2, 0x0,

    /* U+00BB "»" */
    0x92, 0x8a, 0x54, 0xc8,

    /* U+00BC "¼" */
    0x61, 0x28, 0x82, 0x20, 0x90, 0x24, 0x8a, 0x60,
    0xa8, 0x52, 0x13, 0xc8, 0x20,

    /* U+00BD "½" */
    0x61, 0x28, 0x82, 0x20, 0x90, 0x27, 0xca, 0x10,
    0x84, 0x42, 0x21, 0x8, 0xf0,

    /* U+00BE "¾" */
    0xf0, 0x82, 0x21, 0xc4, 0x9, 0x0, 0xa5, 0xe9,
    0x82, 0x50, 0x52, 0x11, 0xe2, 0x8,

    /* U+00BF "¿" */
    0x22, 0x2, 0x24, 0x88, 0x88, 0x70,

    /* U+00C0 "À" */
    0x10, 0x8, 0x4, 0x0, 0x8, 0x18, 0x14, 0x24,
    0x24, 0x22, 0x5e, 0x42, 0x81, 0x81,

    /* U+00C1 "Á" */
    0x4, 0x8, 0x10, 0x0, 0x8, 0x18, 0x14, 0x24,
    0x24, 0x22, 0x5e, 0x42, 0x81, 0x81,

    /* U+00C2 "Â" */
    0x8, 0x18, 0x24, 0x0, 0x8, 0x18, 0x14, 0x24,
    0x24, 0x22, 0x5e, 0x42, 0x81, 0x81,

    /* U+00C3 "Ã" */
    0x3a, 0x4, 0x0, 0x8, 0x18, 0x14, 0x24, 0x24,
    0x22, 0x5e, 0x42, 0x81, 0x81,

    /* U+00C4 "Ä" */
    0x24, 0x0, 0x0, 0x8, 0x18, 0x14, 0x24, 0x24,
    0x22, 0x5e, 0x42, 0x81, 0x81,

    /* U+00C5 "Å" */
    0x1c, 0x14, 0x8, 0x18, 0x14, 0x24, 0x24, 0x22,
    0x5e, 0x42, 0x81, 0x81,

    /* U+00C6 "Æ" */
    0xf, 0xe2, 0x80, 0x50, 0xa, 0x2, 0x7c, 0x48,
    0x17, 0x2, 0x20, 0x84, 0x10, 0xfc,

    /* U+00C7 "Ç" */
    0x3e, 0x82, 0x4, 0x8, 0x10, 0x20, 0x40, 0x40,
    0x5c, 0x40, 0x41, 0x80,

    /* U+00C8 "È" */
    0x20, 0x40, 0x80, 0xfe, 0x8, 0x20, 0xfe, 0x8,
    0x20, 0x83, 0xf0,

    /* U+00C9 "É" */
    0x8, 0x42, 0x0, 0xfe, 0x8, 0x20, 0xfe, 0x8,
    0x20, 0x83, 0xf0,

    /* U+00CA "Ê" */
    0x10, 0xa4, 0x80, 0xfe, 0x8, 0x20, 0xfe, 0x8,
    0x20, 0x83, 0xf0,

    /* U+00CB "Ë" */
    0x48, 0x0, 0x3f, 0x82, 0x8, 0x3f, 0x82, 0x8,
    0x20, 0xfc,

    /* U+00CC "Ì" */
    0x94, 0xd5, 0x55, 0x70,

    /* U+00CD "Í" */
    0x2a, 0xc, 0x92, 0x49, 0x25, 0x80,

    /* U+00CE "Î" */
    0x26, 0x90, 0x62, 0x22, 0x22, 0x22, 0x26,

    /* U+00CF "Ï" */
    0x90, 0x6, 0x22, 0x22, 0x22, 0x22, 0x60,

    /* U+00D0 "Ð" */
    0x7e, 0x20, 0x90, 0x28, 0x14, 0xf, 0xc5, 0x2,
    0x81, 0x41, 0x3f, 0x0,

    /* U+00D1 "Ñ" */
    0x34, 0x8, 0x0, 0x81, 0xc1, 0xa1, 0xa1, 0x91,
    0x89, 0x89, 0x85, 0x83, 0x81,

    /* U+00D2 "Ò" */
    0x10, 0x4, 0x1, 0x0, 0x3, 0xe2, 0xa, 0x3,
    0x1, 0x80, 0xc0, 0x60, 0x30, 0x14, 0x11, 0xf0,

    /* U+00D3 "Ó" */
    0x4, 0x4, 0x4, 0x0, 0x3, 0xe2, 0xa, 0x3,
    0x1, 0x80, 0xc0, 0x60, 0x30, 0x14, 0x11, 0xf0,

    /* U+00D4 "Ô" */
    0x8, 0xa, 0x9, 0x0, 0x3, 0xe2, 0xa, 0x3,
    0x1, 0x80, 0xc0, 0x60, 0x30, 0x14, 0x11, 0xf0,

    /* U+00D5 "Õ" */
    0x3a, 0x2, 0x0, 0x7, 0xc4, 0x14, 0x6, 0x3,
    0x1, 0x80, 0xc0, 0x60, 0x28, 0x23, 0xe0,

    /* U+00D6 "Ö" */
    0x14, 0x0, 0x0, 0x7, 0xc4, 0x14, 0x6, 0x3,
    0x1, 0x80, 0xc0, 0x60, 0x28, 0x23, 0xe0,

    /* U+00D7 "×" */
    0x85, 0x23, 0xc, 0x4a, 0x10,

    /* U+00D8 "Ø" */
    0x3f, 0x20, 0xa0, 0xb0, 0x98, 0x8c, 0x86, 0x43,
    0x41, 0x41, 0x5f, 0x0,

    /* U+00D9 "Ù" */
    0x10, 0x10, 0x8, 0x0, 0x81, 0x81, 0x81, 0x81,
    0x81, 0x81, 0x81, 0x81, 0x42, 0x3c,

    /* U+00DA "Ú" */
    0x4, 0x8, 0x10, 0x0, 0x81, 0x81, 0x81, 0x81,
    0x81, 0x81, 0x81, 0x81, 0x42, 0x3c,

    /* U+00DB "Û" */
    0x8, 0x18, 0x24, 0x0, 0x81, 0x81, 0x81, 0x81,
    0x81, 0x81, 0x81, 0x81, 0x42, 0x3c,

    /* U+00DC "Ü" */
    0x24, 0x0, 0x0, 0x81, 0x81, 0x81, 0x81, 0x81,
    0x81, 0x81, 0x81, 0x42, 0x3c,

    /* U+00DD "Ý" */
    0x8, 0x10, 0x40, 0x8, 0x28, 0x51, 0x12, 0x28,
    0x20, 0x40, 0x81, 0x2, 0x0,

    /* U+00DE "Þ" */
    0x82, 0xf, 0xa1, 0x86, 0x18, 0x7e, 0x82, 0x0,

    /* U+00DF "ß" */
    0x72, 0x28, 0x62, 0x92, 0x48, 0xa1, 0x86, 0x1b,
    0xc0,

    /* U+00E0 "à" */
    0x41, 0x4, 0xe8, 0x84, 0x2f, 0x8c, 0x7e,

    /* U+00E1 "á" */
    0x8, 0x88, 0xe8, 0x84, 0x2f, 0x8c, 0x7e,

    /* U+00E2 "â" */
    0x22, 0xa2, 0xe8, 0x84, 0x2f, 0x8c, 0x7e,

    /* U+00E3 "ã" */
    0xe8, 0x9d, 0x10, 0x85, 0xf1, 0x8f, 0xc0,

    /* U+00E4 "ä" */
    0x50, 0x1d, 0x10, 0x85, 0xf1, 0x8f, 0xc0,

    /* U+00E5 "å" */
    0x72, 0x88, 0xe8, 0x84, 0x2f, 0x8c, 0x7e,

    /* U+00E6 "æ" */
    0x73, 0xa3, 0x10, 0x84, 0x21, 0x7f, 0xa2, 0x8,
    0xc3, 0xcf,

    /* U+00E7 "ç" */
    0x3a, 0x21, 0x8, 0x42, 0xb, 0x20, 0x8c,

    /* U+00E8 "è" */
    0x40, 0x81, 0xc, 0x4a, 0x18, 0x7e, 0x82, 0x7,
    0xc0,

    /* U+00E9 "é" */
    0x8, 0x42, 0xc, 0x4a, 0x18, 0x7e, 0x82, 0x7,
    0xc0,

    /* U+00EA "ê" */
    0x20, 0xc4, 0x8c, 0x4a, 0x18, 0x7e, 0x82, 0x7,
    0xc0,

    /* U+00EB "ë" */
    0x48, 0x3, 0x12, 0x86, 0x1f, 0xa0, 0x81, 0xf0,

    /* U+00EC "ì" */
    0x88, 0x84, 0x92, 0x49, 0x0,

    /* U+00ED "í" */
    0x58, 0xaa, 0xa8,

    /* U+00EE "î" */
    0x56, 0x84, 0x92, 0x49, 0x0,

    /* U+00EF "ï" */
    0xa0, 0x24, 0x92, 0x48,

    /* U+00F0 "ð" */
    0x64, 0x66, 0x82, 0x27, 0x38, 0x61, 0x86, 0x17,
    0x80,

    /* U+00F1 "ñ" */
    0x74, 0x23, 0xb1, 0x86, 0x18, 0x61, 0x86, 0x10,

    /* U+00F2 "ò" */
    0x20, 0x40, 0x8c, 0x4e, 0x18, 0x61, 0x86, 0x17,
    0x80,

    /* U+00F3 "ó" */
    0x8, 0x42, 0xc, 0x4e, 0x18, 0x61, 0x86, 0x17,
    0x80,

    /* U+00F4 "ô" */
    0x10, 0xc4, 0x8c, 0x4e, 0x18, 0x61, 0x86, 0x17,
    0x80,

    /* U+00F5 "õ" */
    0x74, 0x23, 0x13, 0x86, 0x18, 0x61, 0x85, 0xe0,

    /* U+00F6 "ö" */
    0x48, 0x3, 0x13, 0x86, 0x18, 0x61, 0x85, 0xe0,

    /* U+00F7 "÷" */
    0x20, 0x0, 0x3f, 0x0, 0x80,

    /* U+00F8 "ø" */
    0x35, 0x38, 0xe5, 0xa6, 0x9c, 0x7e,

    /* U+00F9 "ù" */
    0x20, 0x40, 0x80, 0x86, 0x18, 0x61, 0x86, 0x17,
    0xc0,

    /* U+00FA "ú" */
    0x8, 0x42, 0x0, 0x86, 0x18, 0x61, 0x86, 0x17,
    0xc0,

    /* U+00FB "û" */
    0x10, 0xc4, 0x80, 0x86, 0x18, 0x61, 0x86, 0x17,
    0xc0,

    /* U+00FC "ü" */
    0x48, 0x0, 0x21, 0x86, 0x18, 0x61, 0x85, 0xf0,

    /* U+00FD "ý" */
    0x8, 0x42, 0x0, 0x85, 0x14, 0x92, 0x28, 0xc1,
    0x8, 0x23, 0x80,

    /* U+00FE "þ" */
    0x82, 0x8, 0x2e, 0xc6, 0x18, 0x61, 0x86, 0x1f,
    0xa0, 0x82, 0x0,

    /* U+00FF "ÿ" */
    0x48, 0x0, 0x21, 0x45, 0x24, 0x8a, 0x30, 0x42,
    0x8, 0xe0,

    /* U+0103 "ă" */
    0x49, 0x9d, 0x10, 0x85, 0xf1, 0x8f, 0xc0,

    /* U+0105 "ą" */
    0x74, 0x42, 0x17, 0xc6, 0x3f, 0x8, 0x86,

    /* U+0107 "ć" */
    0x8, 0x88, 0x74, 0x42, 0x10, 0x84, 0x1e,

    /* U+010C "Č" */
    0x24, 0x28, 0x20, 0x3, 0xe8, 0x20, 0x40, 0x81,
    0x2, 0x4, 0x4, 0x7, 0xc0,

    /* U+010D "č" */
    0x49, 0x84, 0x74, 0x42, 0x10, 0x84, 0x1e,

    /* U+010F "ď" */
    0x5, 0x5, 0x6, 0x34, 0xcc, 0x84, 0x84, 0x84,
    0x84, 0x84, 0x7c,

    /* U+0110 "Đ" */
    0x7e, 0x20, 0x90, 0x28, 0x14, 0xf, 0xc5, 0x2,
    0x81, 0x41, 0x3f, 0x0,

    /* U+0111 "đ" */
    0x4, 0x8, 0xf9, 0xac, 0xd0, 0xa1, 0x42, 0x85,
    0x9, 0xf0,

    /* U+0119 "ę" */
    0x31, 0x28, 0x61, 0xfa, 0x8, 0x1d, 0x8, 0x41,
    0xc0,

    /* U+011B "ě" */
    0x48, 0xc2, 0xc, 0x4a, 0x18, 0x7e, 0x82, 0x7,
    0xc0,

    /* U+011F "ğ" */
    0x48, 0xc3, 0x33, 0x86, 0x18, 0x61, 0x85, 0xf0,
    0x41, 0xf8,

    /* U+0131 "ı" */
    0xfe,

    /* U+013E "ľ" */
    0xbb, 0x49, 0x24, 0x92, 0x0,

    /* U+0141 "Ł" */
    0x40, 0x81, 0x2, 0x5, 0x8c, 0x30, 0x20, 0x40,
    0xfc,

    /* U+0142 "ł" */
    0x49, 0x24, 0xf2, 0x49, 0x0,

    /* U+0151 "ő" */
    0x29, 0x25, 0xc, 0x4e, 0x18, 0x61, 0x86, 0x17,
    0x80,

    /* U+0159 "ř" */
    0x96, 0x43, 0xc8, 0x88, 0x88, 0x80,

    /* U+015B "ś" */
    0x11, 0x10, 0xe8, 0xc3, 0x6, 0x8, 0x7c,

    /* U+015E "Ş" */
    0x7e, 0x8, 0x20, 0x60, 0x60, 0x41, 0x7, 0x62,
    0x4, 0x30,

    /* U+015F "ş" */
    0x74, 0x61, 0x83, 0x4, 0x3a, 0x20, 0x9c,

    /* U+0161 "š" */
    0x93, 0x8, 0xe8, 0xc3, 0x6, 0x8, 0x7c,

    /* U+0165 "ť" */
    0x8, 0x53, 0xe4, 0x21, 0x8, 0x42, 0xe,

    /* U+016F "ů" */
    0x79, 0x23, 0x0, 0x86, 0x18, 0x61, 0x86, 0x17,
    0xc0,

    /* U+017A "ź" */
    0x11, 0x11, 0xe0, 0x88, 0x84, 0x44, 0x3e,

    /* U+017C "ż" */
    0x20, 0x3c, 0x11, 0x10, 0x88, 0x87, 0xc0,

    /* U+017E "ž" */
    0x93, 0x9, 0xe0, 0x88, 0x84, 0x44, 0x3e,

    /* U+01B0 "ư" */
    0x1, 0x1, 0x86, 0x84, 0x84, 0x84, 0x84, 0x84,
    0x7c,

    /* U+0219 "ș" */
    0x74, 0x61, 0x83, 0x4, 0x3e, 0x1, 0x8,

    /* U+021B "ț" */
    0x4f, 0x44, 0x44, 0x44, 0x30, 0x22,

    /* U+0388 "Έ" */
    0x5f, 0x90, 0x90, 0x10, 0x1f, 0x10, 0x10, 0x10,
    0x10, 0x1f,

    /* U+0391 "Α" */
    0x8, 0x18, 0x14, 0x24, 0x24, 0x22, 0x5e, 0x42,
    0x81, 0x81,

    /* U+0392 "Β" */
    0xfd, 0x6, 0xc, 0x1f, 0xd0, 0xa0, 0xc1, 0x83,
    0xf8,

    /* U+0393 "Γ" */
    0xfe, 0x8, 0x20, 0x82, 0x8, 0x20, 0x82, 0x0,

    /* U+0395 "Ε" */
    0xfe, 0x8, 0x20, 0xfe, 0x8, 0x20, 0x83, 0xf0,

    /* U+0397 "Η" */
    0x81, 0x81, 0x81, 0x81, 0xff, 0x81, 0x81, 0x81,
    0x81, 0x81,

    /* U+039B "Λ" */
    0x8, 0x18, 0x18, 0x24, 0x24, 0x42, 0x42, 0x42,
    0x81, 0x81,

    /* U+039C "Μ" */
    0x80, 0xe0, 0x70, 0x74, 0x3a, 0x1c, 0x96, 0x4b,
    0x29, 0x8c, 0xc4, 0x40,

    /* U+039D "Ν" */
    0x81, 0xc1, 0xa1, 0xa1, 0x91, 0x89, 0x89, 0x85,
    0x83, 0x81,

    /* U+039F "Ο" */
    0x3e, 0x20, 0xa0, 0x30, 0x18, 0xc, 0x6, 0x3,
    0x1, 0x41, 0x1f, 0x0,

    /* U+03A0 "Π" */
    0xff, 0x6, 0xc, 0x18, 0x30, 0x60, 0xc1, 0x83,
    0x4,

    /* U+03A3 "Σ" */
    0x7e, 0x40, 0x20, 0x10, 0x8, 0x8, 0x10, 0x20,
    0x40, 0xff,

    /* U+03A4 "Τ" */
    0xfe, 0x20, 0x40, 0x81, 0x2, 0x4, 0x8, 0x10,
    0x20,

    /* U+03A6 "Φ" */
    0x8, 0x3f, 0xa2, 0x31, 0x18, 0x8c, 0x46, 0x22,
    0x92, 0x3e, 0x4, 0x0,

    /* U+03A7 "Χ" */
    0x82, 0x88, 0x91, 0x41, 0x2, 0xa, 0x22, 0x43,
    0x4,

    /* U+03AC "ά" */
    0x10, 0x20, 0x81, 0x8c, 0xd0, 0xa1, 0x42, 0x85,
    0x9, 0xf8,

    /* U+03AD "έ" */
    0x10, 0x88, 0xf8, 0x42, 0xe, 0x84, 0x3e,

    /* U+03AE "ή" */
    0x20, 0x82, 0xe, 0xc6, 0x18, 0x61, 0x86, 0x18,
    0x41, 0x4, 0x10,

    /* U+03AF "ί" */
    0x52, 0x9, 0x24, 0x93, 0x80,

    /* U+03B1 "α" */
    0x31, 0x9a, 0x14, 0x28, 0x50, 0xa1, 0x3f,

    /* U+03B2 "β" */
    0x39, 0x18, 0x61, 0x86, 0xe8, 0x61, 0x86, 0x1f,
    0xa0, 0x82, 0x0,

    /* U+03B3 "γ" */
    0x86, 0x14, 0x51, 0x48, 0xc3, 0x8, 0x20, 0x80,

    /* U+03B4 "δ" */
    0x39, 0x14, 0x10, 0x33, 0x28, 0x61, 0x86, 0x17,
    0x80,

    /* U+03B5 "ε" */
    0x7c, 0x21, 0x7, 0x42, 0x1f,

    /* U+03B6 "ζ" */
    0xf8, 0x84, 0x44, 0x22, 0x10, 0x84, 0x1c, 0x10,
    0x84,

    /* U+03B7 "η" */
    0x3b, 0x18, 0x61, 0x86, 0x18, 0x61, 0x4, 0x10,
    0x40,

    /* U+03B8 "θ" */
    0x72, 0x28, 0x61, 0x87, 0xf8, 0x61, 0x86, 0x17,
    0x80,

    /* U+03B9 "ι" */
    0x92, 0x49, 0x38,

    /* U+03BA "κ" */
    0x8a, 0x4a, 0x38, 0x92, 0x28, 0xc0,

    /* U+03BB "λ" */
    0xc0, 0x40, 0x80, 0x81, 0x6, 0xa, 0x24, 0x49,
    0xa, 0x18,

    /* U+03BC "μ" */
    0x85, 0xa, 0x14, 0x28, 0x50, 0xbf, 0xc0, 0x81,
    0x0,

    /* U+03BD "ν" */
    0x86, 0x14, 0x51, 0x48, 0xa3, 0x0,

    /* U+03BE "ξ" */
    0xfa, 0x21, 0x8, 0x3e, 0x10, 0x84, 0x1c, 0x10,
    0x84,

    /* U+03BF "ο" */
    0x31, 0x38, 0x61, 0x86, 0x18, 0x5e,

    /* U+03C0 "π" */
    0xff, 0x42, 0x42, 0x42, 0x42, 0x42, 0x43,

    /* U+03C1 "ρ" */
    0x31, 0x28, 0x61, 0x86, 0x18, 0x7e, 0x82, 0x8,
    0x0,

    /* U+03C2 "ς" */
    0x3e, 0x21, 0x8, 0x42, 0xe, 0x8, 0x42,

    /* U+03C3 "σ" */
    0x7f, 0xa, 0x14, 0x28, 0x50, 0x9e, 0x0,

    /* U+03C4 "τ" */
    0xfc, 0x82, 0x8, 0x20, 0x83, 0xc0,

    /* U+03C5 "υ" */
    0x86, 0x18, 0x61, 0x86, 0x17, 0x80,

    /* U+03C6 "φ" */
    0x10, 0x20, 0x41, 0xc5, 0x72, 0x64, 0xc9, 0x93,
    0x25, 0xf0, 0x81, 0x2, 0x0,

    /* U+03C7 "χ" */
    0x80, 0x84, 0x91, 0x21, 0x82, 0x4, 0x14, 0x24,
    0x8b, 0x8,

    /* U+03C8 "ψ" */
    0x10, 0x10, 0x10, 0x10, 0x91, 0x91, 0x91, 0x91,
    0x91, 0x92, 0x7c, 0x10, 0x10, 0x10,

    /* U+03C9 "ω" */
    0xc1, 0x40, 0x62, 0x31, 0x18, 0x8c, 0x45, 0xdc,

    /* U+03CC "ό" */
    0x10, 0x41, 0xc, 0x4e, 0x18, 0x61, 0x86, 0x17,
    0x80,

    /* U+03CD "ύ" */
    0x10, 0x42, 0x0, 0x86, 0x18, 0x61, 0x86, 0x17,
    0x80,

    /* U+03CE "ώ" */
    0x8, 0x4, 0x2, 0x8, 0x8, 0x14, 0x6, 0x23,
    0x11, 0x88, 0xc4, 0x5d, 0xc0,

    /* U+0406 "І" */
    0xff, 0xc0,

    /* U+0408 "Ј" */
    0x24, 0x92, 0x49, 0x24, 0xf0,

    /* U+0410 "А" */
    0x8, 0x18, 0x14, 0x24, 0x24, 0x22, 0x5e, 0x42,
    0x81, 0x81,

    /* U+0411 "Б" */
    0xfe, 0x8, 0x20, 0xfa, 0x18, 0x61, 0x87, 0xe0,

    /* U+0412 "В" */
    0xfd, 0x6, 0xc, 0x1f, 0xd0, 0xa0, 0xc1, 0x83,
    0xf8,

    /* U+0413 "Г" */
    0xfe, 0x8, 0x20, 0x82, 0x8, 0x20, 0x82, 0x0,

    /* U+0417 "З" */
    0xf8, 0x10, 0x41, 0x78, 0x20, 0x41, 0x7, 0xe0,

    /* U+0418 "И" */
    0x81, 0x83, 0x85, 0x85, 0x89, 0x91, 0x91, 0xa1,
    0xc1, 0x81,

    /* U+041A "К" */
    0x87, 0xa, 0x24, 0x8f, 0x12, 0x22, 0x44, 0x85,
    0x4,

    /* U+041C "М" */
    0x80, 0xe0, 0x70, 0x74, 0x3a, 0x1c, 0x96, 0x4b,
    0x29, 0x8c, 0xc4, 0x40,

    /* U+041D "Н" */
    0x81, 0x81, 0x81, 0x81, 0xff, 0x81, 0x81, 0x81,
    0x81, 0x81,

    /* U+041E "О" */
    0x3e, 0x20, 0xa0, 0x50, 0x18, 0xc, 0x6, 0x3,
    0x2, 0x41, 0x1f, 0x0,

    /* U+041F "П" */
    0xff, 0x6, 0xc, 0x18, 0x30, 0x60, 0xc1, 0x83,
    0x4,

    /* U+0420 "Р" */
    0xfa, 0x18, 0x61, 0x87, 0xe8, 0x20, 0x82, 0x0,

    /* U+0421 "С" */
    0x3e, 0x82, 0x4, 0x8, 0x10, 0x20, 0x40, 0x40,
    0x7c,

    /* U+0422 "Т" */
    0xfe, 0x20, 0x40, 0x81, 0x2, 0x4, 0x8, 0x10,
    0x20,

    /* U+0423 "У" */
    0x81, 0x42, 0x42, 0x22, 0x24, 0x14, 0x18, 0x10,
    0x10, 0xe0,

    /* U+0427 "Ч" */
    0x83, 0x6, 0xc, 0x18, 0x2f, 0xc0, 0x81, 0x2,
    0x4,

    /* U+0430 "а" */
    0x74, 0x42, 0x1f, 0xc6, 0x3f,

    /* U+0431 "б" */
    0x1d, 0x88, 0x20, 0xfa, 0x18, 0x61, 0x86, 0x17,
    0x80,

    /* U+0432 "в" */
    0xfa, 0x18, 0xbe, 0x86, 0x1f, 0x80,

    /* U+0433 "г" */
    0xfc, 0x21, 0x8, 0x42, 0x0,

    /* U+0434 "д" */
    0x3e, 0x22, 0x22, 0x22, 0x22, 0x42, 0x7e, 0x81,
    0x81,

    /* U+0435 "е" */
    0x33, 0x28, 0x61, 0xfa, 0x8, 0x1e,

    /* U+0436 "ж" */
    0xc8, 0x92, 0x42, 0x90, 0xfc, 0x29, 0x12, 0x28,
    0x8c,

    /* U+0437 "з" */
    0xe0, 0x82, 0x27, 0x4, 0x3e,

    /* U+0438 "и" */
    0x86, 0x39, 0x69, 0xa7, 0x18, 0x40,

    /* U+0439 "й" */
    0x48, 0xc0, 0x21, 0x8e, 0x5a, 0x69, 0xc6, 0x10,

    /* U+043A "к" */
    0x8c, 0xa5, 0xc9, 0x46, 0x20,

    /* U+043B "л" */
    0x3e, 0x44, 0x89, 0x14, 0x28, 0x70, 0x80,

    /* U+043C "м" */
    0x81, 0xc3, 0xa3, 0xa5, 0xa5, 0x99, 0x89,

    /* U+043D "н" */
    0x86, 0x18, 0x7f, 0x86, 0x18, 0x40,

    /* U+043E "о" */
    0x33, 0x28, 0x61, 0x86, 0x18, 0x5e,

    /* U+043F "п" */
    0xfe, 0x18, 0x61, 0x86, 0x18, 0x40,

    /* U+0440 "р" */
    0x3b, 0x18, 0x61, 0x86, 0x18, 0x7e, 0x82, 0x8,
    0x0,

    /* U+0441 "с" */
    0x3e, 0x21, 0x8, 0x42, 0xf,

    /* U+0442 "т" */
    0xfc, 0x41, 0x4, 0x10, 0x41, 0x0,

    /* U+0443 "у" */
    0x85, 0x14, 0x92, 0x28, 0xc1, 0x4, 0x23, 0x80,

    /* U+0444 "ф" */
    0x10, 0x10, 0x10, 0x38, 0x56, 0x91, 0x91, 0x91,
    0x91, 0x92, 0x7c, 0x10, 0x10, 0x10,

    /* U+0445 "х" */
    0xc5, 0x23, 0x4, 0x29, 0x28, 0x40,

    /* U+0446 "ц" */
    0x85, 0xa, 0x14, 0x28, 0x50, 0xbf, 0x1, 0x2,

    /* U+0447 "ч" */
    0x86, 0x18, 0x77, 0x24, 0x10, 0x40,

    /* U+0448 "ш" */
    0x88, 0x62, 0x18, 0x86, 0x21, 0x88, 0x62, 0x1f,
    0xfc,

    /* U+0449 "щ" */
    0x88, 0x51, 0xa, 0x21, 0x44, 0x28, 0x85, 0x10,
    0xbf, 0xf0, 0x1, 0x0, 0x20,

    /* U+044A "ъ" */
    0xe0, 0x20, 0x3c, 0x22, 0x21, 0x21, 0x3e,

    /* U+044B "ы" */
    0x83, 0x7, 0xcc, 0x58, 0x70, 0xfe, 0x80,

    /* U+044C "ь" */
    0x82, 0xf, 0x22, 0x86, 0x1f, 0x80,

    /* U+044E "ю" */
    0xe, 0x48, 0xa4, 0x34, 0x1e, 0xc, 0x86, 0x43,
    0x1e,

    /* U+044F "я" */
    0xfc, 0x62, 0xf4, 0xc6, 0x20,

    /* U+0452 "ђ" */
    0x40, 0x83, 0xe2, 0xe6, 0x28, 0x50, 0xa1, 0x42,
    0x85, 0x8, 0x10, 0x21, 0xc0,

    /* U+0456 "і" */
    0x9f, 0xc0,

    /* U+0457 "ї" */
    0xa0, 0x24, 0x92, 0x48,

    /* U+0458 "ј" */
    0x20, 0x12, 0x49, 0x24, 0x9e,

    /* U+0459 "љ" */
    0x3e, 0x4, 0x40, 0x8f, 0x11, 0x14, 0x22, 0x84,
    0x70, 0xf0,

    /* U+045A "њ" */
    0x84, 0x21, 0xf, 0xf2, 0x13, 0x84, 0x61, 0x18,
    0x78,

    /* U+045B "ћ" */
    0x40, 0x83, 0xe2, 0xe6, 0x28, 0x50, 0xa1, 0x42,
    0x85, 0x8,

    /* U+060C "،" */
    0xe0,

    /* U+0622 "آ" */
    0xf0, 0x44, 0x44, 0x44, 0x44, 0x40,

    /* U+0623 "أ" */
    0xd7, 0x4, 0x92, 0x49, 0x24,

    /* U+0625 "إ" */
    0xaa, 0xaa, 0xa6, 0xb0,

    /* U+0626 "ئ" */
    0x61, 0xa9, 0x19, 0x1, 0x8, 0x64, 0xe, 0x3,
    0x2, 0x7e, 0x0,

    /* U+0627 "ا" */
    0xff, 0xc0,

    /* U+0628 "ب" */
    0x0, 0x28, 0x1, 0x80, 0x18, 0x1, 0x61, 0xe1,
    0xe0, 0x4, 0x0,

    /* U+0629 "ة" */
    0x60, 0x4, 0x69, 0x99, 0xe0,

    /* U+062A "ت" */
    0xa, 0x0, 0x0, 0x0, 0x28, 0x1, 0x80, 0x18,
    0x1, 0x7f, 0xe0,

    /* U+062B "ث" */
    0x4, 0x0, 0xa0, 0x0, 0x0, 0x2, 0x80, 0x18,
    0x1, 0x80, 0x17, 0xfe,

    /* U+062C "ج" */
    0xf0, 0x1c, 0xc2, 0x8, 0x10, 0x24, 0x40, 0x80,
    0x84, 0xf0,

    /* U+062D "ح" */
    0xf0, 0x1c, 0xc2, 0x8, 0x10, 0x20, 0x40, 0x80,
    0x84, 0xf0,

    /* U+062E "خ" */
    0x10, 0x0, 0x7, 0x80, 0xe6, 0x10, 0x40, 0x81,
    0x2, 0x4, 0x4, 0x27, 0x80,

    /* U+062F "د" */
    0x10, 0x82, 0x10, 0xfc,

    /* U+0630 "ذ" */
    0x20, 0x0, 0x21, 0x4, 0x21, 0xf8,

    /* U+0631 "ر" */
    0x21, 0x11, 0x11, 0x2c,

    /* U+0632 "ز" */
    0x20, 0x21, 0x11, 0x11, 0x2c,

    /* U+0633 "س" */
    0x0, 0x4, 0x8, 0x90, 0x22, 0x60, 0x89, 0x81,
    0xfe, 0x8, 0x8, 0x20, 0x1f, 0x0,

    /* U+0634 "ش" */
    0x0, 0x0, 0x1, 0x80, 0x0, 0x0, 0x1, 0x2,
    0x24, 0x8, 0x98, 0x22, 0x60, 0x7f, 0x82, 0x2,
    0x8, 0x7, 0xc0, 0x0,

    /* U+0635 "ص" */
    0x0, 0xe, 0x2, 0x11, 0x2, 0x21, 0x82, 0x41,
    0x83, 0xfe, 0x82, 0x0, 0x82, 0x0, 0x7c, 0x0,

    /* U+0636 "ض" */
    0x0, 0x4, 0x0, 0x0, 0x0, 0xe, 0x2, 0x11,
    0x2, 0x21, 0x82, 0x41, 0x83, 0xfe, 0x82, 0x0,
    0x82, 0x0, 0x7c, 0x0,

    /* U+0637 "ط" */
    0x10, 0x4, 0x1, 0x0, 0x40, 0x10, 0x4, 0x61,
    0x64, 0x61, 0x10, 0x7f, 0xe0,

    /* U+0638 "ظ" */
    0x10, 0x4, 0x1, 0x0, 0x42, 0x10, 0x4, 0x61,
    0x64, 0x61, 0x10, 0x7f, 0xe0,

    /* U+0639 "ع" */
    0x38, 0x40, 0x80, 0x44, 0x38, 0x20, 0x40, 0x80,
    0x80, 0x80, 0x40, 0x21, 0x1e,

    /* U+063A "غ" */
    0x10, 0x0, 0x38, 0x40, 0x80, 0x44, 0x38, 0x20,
    0x40, 0x80, 0x80, 0x80, 0x40, 0x21, 0x1e,

    /* U+0640 "ـ" */
    0xf0,

    /* U+0641 "ف" */
    0x0, 0x40, 0x0, 0x0, 0x60, 0x9, 0x1, 0x18,
    0x11, 0x80, 0xf8, 0x1, 0x7f, 0xe0,

    /* U+0642 "ق" */
    0x3, 0x0, 0x0, 0xc0, 0x90, 0x4c, 0x26, 0x1f,
    0x1, 0x80, 0xe1, 0x8f, 0x0,

    /* U+0643 "ك" */
    0x0, 0x40, 0x10, 0x24, 0x31, 0x8, 0x41, 0x98,
    0xc6, 0x1, 0x80, 0x5f, 0xe0,

    /* U+0644 "ل" */
    0x2, 0x4, 0x8, 0x10, 0x20, 0x40, 0x81, 0x83,
    0x6, 0xc, 0x17, 0xc0,

    /* U+0645 "م" */
    0x39, 0x10, 0x4f, 0x42, 0x8, 0x20, 0x41, 0x4,
    0x0,

    /* U+0646 "ن" */
    0x10, 0x0, 0x0, 0x10, 0x30, 0x60, 0xc1, 0x82,
    0xf8,

    /* U+0647 "ه" */
    0x10, 0x8, 0x14, 0x22, 0x25, 0x15, 0xff,

    /* U+0648 "و" */
    0x25, 0x99, 0x71, 0x1e,

    /* U+0649 "ى" */
    0x3, 0x82, 0x2, 0x10, 0xc8, 0x1c, 0x6, 0x4,
    0xfc,

    /* U+064A "ي" */
    0x3, 0x82, 0x2, 0x10, 0xc8, 0x1c, 0x6, 0x4,
    0xfc, 0x0, 0xc, 0x0,

    /* U+064B "ً" */
    0x3e, 0x0,

    /* U+064F "ُ" */
    0x6f, 0x0,

    /* U+067E "پ" */
    0x0, 0x28, 0x1, 0x80, 0x18, 0x1, 0x61, 0xe1,
    0xe0, 0xa, 0x0, 0x0, 0x4, 0x0,

    /* U+0698 "ژ" */
    0x25, 0x2, 0x11, 0x11, 0x12, 0xc0,

    /* U+06A9 "ک" */
    0x0, 0x20, 0x18, 0x4, 0x1, 0x0, 0x10, 0x1,
    0x20, 0x14, 0x1, 0x80, 0x4f, 0xf0,

    /* U+06AF "گ" */
    0x0, 0x60, 0x34, 0xb, 0x0, 0x80, 0x20, 0x2,
    0x0, 0x24, 0x2, 0x80, 0x30, 0x9, 0xfe, 0x0,

    /* U+06CC "ی" */
    0x3, 0x82, 0x2, 0x10, 0xc8, 0x1c, 0x6, 0x4,
    0xfc,

    /* U+0901 "ँ" */
    0xaf, 0x80,

    /* U+0902 "ं" */
    0x80,

    /* U+0903 "ः" */
    0xe0, 0x20, 0x12,

    /* U+0905 "अ" */
    0x39, 0xc1, 0x20, 0x48, 0x62, 0x87, 0x11, 0x24,
    0x48, 0xe2, 0x0, 0x80,

    /* U+0906 "आ" */
    0x39, 0xf8, 0x24, 0x81, 0x24, 0x31, 0x28, 0x71,
    0x22, 0x49, 0x12, 0x47, 0x12, 0x0, 0x90,

    /* U+0907 "इ" */
    0xfe, 0x8, 0xf2, 0x4, 0x7, 0x1, 0x2, 0x58,
    0x40, 0x60,

    /* U+0909 "उ" */
    0xfe, 0x8, 0x10, 0x29, 0x90, 0x91, 0x22, 0x38,

    /* U+090F "ए" */
    0xfe, 0x89, 0x12, 0x24, 0x49, 0xc, 0x4, 0x4,
    0x8,

    /* U+0915 "क" */
    0xff, 0xc1, 0x3, 0xc1, 0x1c, 0x84, 0x91, 0x23,
    0xc8, 0x16, 0x4, 0x0,

    /* U+0916 "ख" */
    0xff, 0xe2, 0x10, 0x4e, 0xa, 0x46, 0x48, 0x89,
    0x8, 0xe0, 0x84, 0xf, 0x80,

    /* U+0917 "ग" */
    0xfe, 0x48, 0x91, 0x24, 0x48, 0x81, 0x2, 0x4,

    /* U+091A "च" */
    0xff, 0x2, 0x5a, 0x22, 0x22, 0x22, 0x3e, 0x2,
    0x2,

    /* U+091C "ज" */
    0xff, 0xc0, 0x40, 0x12, 0x7c, 0x45, 0x11, 0x42,
    0x50, 0x64, 0x1, 0x0,

    /* U+091F "ट" */
    0xfe, 0x10, 0x21, 0xc4, 0x8, 0x10, 0x20, 0x3c,

    /* U+0921 "ड" */
    0xfe, 0x8, 0xf2, 0x4, 0x7, 0x81, 0x62, 0x3c,

    /* U+0923 "ण" */
    0xff, 0xd1, 0x44, 0x51, 0x14, 0x45, 0x12, 0x43,
    0x10, 0x4, 0x1, 0x0,

    /* U+0924 "त" */
    0xff, 0x4, 0x4, 0x3c, 0x44, 0x84, 0x44, 0x44,
    0x24,

    /* U+0925 "थ" */
    0xef, 0x2b, 0x51, 0x2c, 0x50, 0x9f, 0x2, 0x4,

    /* U+0926 "द" */
    0xfe, 0x8, 0x73, 0x4, 0x8, 0x13, 0x1c, 0x4,
    0x8,

    /* U+0927 "ध" */
    0xef, 0x4a, 0x95, 0x24, 0x50, 0x93, 0x1a, 0x4,

    /* U+0928 "न" */
    0xfe, 0x8, 0x10, 0x27, 0xc8, 0x81, 0x2, 0x4,

    /* U+092A "प" */
    0xff, 0x44, 0x44, 0x44, 0x44, 0x6c, 0x14, 0x4,
    0x4,

    /* U+092B "फ" */
    0xff, 0xd1, 0x4, 0x41, 0x14, 0x46, 0x9b, 0x11,
    0x48, 0x12, 0x4, 0x0,

    /* U+092C "ब" */
    0xfe, 0x8, 0xf3, 0x29, 0x49, 0x8f, 0x2, 0x4,

    /* U+092D "भ" */
    0xcf, 0xa2, 0xe2, 0x22, 0x3e, 0x62, 0x2, 0x2,
    0x2,

    /* U+092E "म" */
    0xff, 0x24, 0x24, 0x24, 0x3c, 0x44, 0x4, 0x4,
    0x4,

    /* U+092F "य" */
    0xff, 0x24, 0x24, 0x24, 0xc4, 0x44, 0x3c, 0x4,
    0x4,

    /* U+0930 "र" */
    0xf8, 0x84, 0x26, 0x20, 0x82, 0x8,

    /* U+0932 "ल" */
    0xff, 0x80, 0x80, 0x4e, 0xc4, 0x94, 0x49, 0x4,
    0x82, 0x31, 0x0,

    /* U+0935 "व" */
    0xfe, 0x8, 0xf2, 0x28, 0x48, 0x8f, 0x2, 0x4,

    /* U+0936 "श" */
    0x37, 0xa4, 0x92, 0x47, 0x20, 0x96, 0x88, 0x84,
    0x22, 0x9, 0x0,

    /* U+0937 "ष" */
    0xff, 0x64, 0x54, 0x4c, 0x44, 0x6c, 0x14, 0x4,
    0x4,

    /* U+0938 "स" */
    0xff, 0x88, 0x84, 0x42, 0x27, 0xe2, 0x8, 0x84,
    0x42, 0x11, 0x0,

    /* U+0939 "ह" */
    0xfe, 0x8, 0xf2, 0x4, 0x7, 0x91, 0x22, 0x44,
    0x40, 0x60,

    /* U+093C "़" */
    0x80,

    /* U+093E "ा" */
    0xe9, 0x24, 0x92, 0x40,

    /* U+093F "ि" */
    0x38, 0x23, 0x10, 0x48, 0x1e, 0x2, 0x1, 0x0,
    0x80, 0x40, 0x20, 0x10, 0x8, 0x4, 0x0,

    /* U+0940 "ी" */
    0x62, 0x48, 0xa2, 0x5c, 0x20, 0x82, 0x8, 0x20,
    0x82, 0x8,

    /* U+0941 "ु" */
    0x1e, 0x14, 0x4e,

    /* U+0942 "ू" */
    0xf2, 0x28, 0x59,

    /* U+0943 "ृ" */
    0x68, 0x87,

    /* U+0947 "े" */
    0xc2, 0x21,

    /* U+0948 "ै" */
    0x60, 0xbc, 0x30,

    /* U+0949 "ॉ" */
    0x9f, 0x7, 0x22, 0x22, 0x22, 0x22,

    /* U+094B "ो" */
    0x41, 0x4, 0x23, 0x88, 0x42, 0x10, 0x84, 0x21,
    0x0,

    /* U+094D "्" */
    0xe1,

    /* U+0E01 "ก" */
    0x7a, 0x18, 0x51, 0x86, 0x18, 0x61,

    /* U+0E02 "ข" */
    0xca, 0x53, 0x18, 0xc6, 0x2f,

    /* U+0E04 "ค" */
    0x7a, 0x18, 0x61, 0xf6, 0x18, 0x61,

    /* U+0E07 "ง" */
    0x9a, 0x14, 0x51, 0x44, 0x92, 0x4e,

    /* U+0E08 "จ" */
    0xf0, 0x43, 0x14, 0xa5, 0x2e,

    /* U+0E09 "ฉ" */
    0x7a, 0x10, 0x41, 0x86, 0x18, 0x5f,

    /* U+0E0A "ช" */
    0xca, 0x57, 0x18, 0xc6, 0x2f,

    /* U+0E0B "ซ" */
    0xae, 0x57, 0x18, 0xc6, 0x2f,

    /* U+0E13 "ณ" */
    0x70, 0x62, 0x18, 0x45, 0x11, 0x84, 0x61, 0x18,
    0x47, 0x8f,

    /* U+0E14 "ด" */
    0x7a, 0x18, 0x61, 0x86, 0x18, 0x5d,

    /* U+0E15 "ต" */
    0x6e, 0x58, 0x61, 0x86, 0x18, 0x5d,

    /* U+0E16 "ถ" */
    0x7a, 0x18, 0x51, 0x86, 0x18, 0x79,

    /* U+0E17 "ท" */
    0xbb, 0x18, 0x61, 0x86, 0x18, 0x61,

    /* U+0E19 "น" */
    0x86, 0x18, 0x61, 0x86, 0x18, 0x5f,

    /* U+0E1A "บ" */
    0x86, 0x18, 0x61, 0x86, 0x18, 0x5e,

    /* U+0E1B "ป" */
    0x4, 0x18, 0x61, 0x86, 0x18, 0x61, 0x85, 0xe0,

    /* U+0E1C "ผ" */
    0x63, 0x6, 0xc, 0x9a, 0xb9, 0x71, 0xc1,

    /* U+0E1E "พ" */
    0x91, 0x91, 0x99, 0xa9, 0xa6, 0xa6, 0x46, 0x42,

    /* U+0E1F "ฟ" */
    0x1, 0x1, 0x91, 0x91, 0x99, 0xaa, 0xa6, 0xa6,
    0x46, 0x42,

    /* U+0E20 "ภ" */
    0x3c, 0x85, 0x9, 0x14, 0x28, 0x50, 0xe1,

    /* U+0E21 "ม" */
    0x86, 0x18, 0x61, 0x86, 0x18, 0x7f,

    /* U+0E22 "ย" */
    0x66, 0x18, 0x59, 0x86, 0x18, 0x5e,

    /* U+0E23 "ร" */
    0x7c, 0x20, 0x83, 0x4, 0x3e,

    /* U+0E25 "ล" */
    0x7a, 0x10, 0x4f, 0xc6, 0x18, 0x79,

    /* U+0E27 "ว" */
    0xe0, 0x82, 0x10, 0x84, 0x3e,

    /* U+0E2A "ส" */
    0x7e, 0x10, 0x4f, 0xc6, 0x18, 0x79,

    /* U+0E2B "ห" */
    0x86, 0x29, 0x2b, 0xc6, 0x18, 0x61,

    /* U+0E2D "อ" */
    0xf0, 0x20, 0x59, 0x86, 0x18, 0x5e,

    /* U+0E2E "ฮ" */
    0xf4, 0x20, 0x59, 0x86, 0x18, 0x5e,

    /* U+0E30 "ะ" */
    0x9c, 0x9, 0xc0,

    /* U+0E31 "ั" */
    0xf0,

    /* U+0E32 "า" */
    0xf1, 0x11, 0x11, 0x11,

    /* U+0E33 "ำ" */
    0xc1, 0x80, 0x0, 0xf0, 0x20, 0x40, 0x81, 0x2,
    0x4, 0x8,

    /* U+0E34 "ิ" */
    0xfc,

    /* U+0E35 "ี" */
    0x7, 0xf0,

    /* U+0E36 "ึ" */
    0xb, 0xf0,

    /* U+0E37 "ื" */
    0xf, 0xf0,

    /* U+0E38 "ุ" */
    0xd4,

    /* U+0E39 "ู" */
    0x95, 0x60,

    /* U+0E40 "เ" */
    0xaa, 0xab,

    /* U+0E41 "แ" */
    0x8a, 0x28, 0xa2, 0x8a, 0x28, 0xb3,

    /* U+0E42 "โ" */
    0xf4, 0x44, 0x44, 0x44, 0x44, 0x70,

    /* U+0E43 "ใ" */
    0xe4, 0xa4, 0x92, 0x49, 0x80,

    /* U+0E44 "ไ" */
    0xe9, 0x24, 0x92, 0x49, 0x80,

    /* U+0E47 "็" */
    0x7c, 0x3e,

    /* U+0E48 "่" */
    0xe0,

    /* U+0E49 "้" */
    0xc4, 0xf0,

    /* U+0E4C "์" */
    0xe0,

    /* U+1EA1 "ạ" */
    0x74, 0x42, 0x17, 0xc6, 0x3f, 0x1, 0x0,

    /* U+1EA3 "ả" */
    0x30, 0x88, 0xe8, 0x84, 0x2f, 0x8c, 0x7e,

    /* U+1EA5 "ấ" */
    0x2d, 0x48, 0x9c, 0x88, 0x20, 0x9e, 0x8a, 0x2f,
    0x80,

    /* U+1EA7 "ầ" */
    0xa2, 0xa2, 0xe8, 0x84, 0x2f, 0x8c, 0x7e,

    /* U+1EAD "ậ" */
    0x22, 0xa2, 0xe8, 0x84, 0x2f, 0x8c, 0x7e, 0x2,
    0x0,

    /* U+1EAF "ắ" */
    0x11, 0x12, 0x67, 0x44, 0x21, 0x7c, 0x63, 0xf0,

    /* U+1EBB "ẻ" */
    0x38, 0x42, 0xc, 0x4a, 0x18, 0x7e, 0x82, 0x7,
    0xc0,

    /* U+1EBD "ẽ" */
    0xe8, 0x43, 0x12, 0x86, 0x1f, 0xa0, 0x81, 0xf0,

    /* U+1EBF "ế" */
    0xc, 0xc4, 0x8c, 0x4a, 0x18, 0x7e, 0x82, 0x7,
    0xc0,

    /* U+1EC3 "ể" */
    0xc, 0x23, 0x12, 0x31, 0x28, 0x61, 0xfa, 0x8,
    0x1f,

    /* U+1EC7 "ệ" */
    0x20, 0xc4, 0x8c, 0x4a, 0x18, 0x7e, 0x82, 0x7,
    0xc0, 0x10,

    /* U+1ECB "ị" */
    0x9f, 0xd0,

    /* U+1ED1 "ố" */
    0x4, 0xe4, 0x8c, 0x4e, 0x18, 0x61, 0x86, 0x17,
    0x80,

    /* U+1ED3 "ồ" */
    0xc0, 0xc4, 0x8c, 0x4e, 0x18, 0x61, 0x86, 0x17,
    0x80,

    /* U+1ED7 "ỗ" */
    0x78, 0x3, 0x12, 0x31, 0x38, 0x61, 0x86, 0x18,
    0x5e,

    /* U+1ED9 "ộ" */
    0x10, 0xc4, 0x8c, 0x4e, 0x18, 0x61, 0x86, 0x17,
    0x80, 0x10,

    /* U+1EDB "ớ" */
    0x8, 0x20, 0x89, 0x94, 0xd0, 0xa1, 0x41, 0x85,
    0x9, 0xe0,

    /* U+1EDD "ờ" */
    0x40, 0x40, 0x49, 0x94, 0xd0, 0xa1, 0x41, 0x85,
    0x9, 0xe0,

    /* U+1EDF "ở" */
    0x30, 0x20, 0x89, 0x94, 0xd0, 0xa1, 0x41, 0x85,
    0x9, 0xe0,

    /* U+1EE3 "ợ" */
    0x2, 0x65, 0x34, 0x28, 0x50, 0x61, 0x42, 0x78,
    0x0, 0x40,

    /* U+1EE5 "ụ" */
    0x86, 0x18, 0x61, 0x86, 0x17, 0xc0, 0x10,

    /* U+1EE7 "ủ" */
    0x38, 0x42, 0x0, 0x86, 0x18, 0x61, 0x86, 0x17,
    0xc0,

    /* U+1EED "ử" */
    0x38, 0x10, 0x21, 0x1, 0x86, 0x84, 0x84, 0x84,
    0x84, 0x84, 0x7c,

    /* U+200C "‌" */
    0x0,

    /* U+3001 "、" */
    0x84, 0x21,

    /* U+3002 "。" */
    0xf9, 0x96,

    /* U+3044 "い" */
    0x80, 0x10, 0x12, 0x2, 0x40, 0x28, 0x5, 0x0,
    0xa2, 0xc, 0x41, 0x48, 0x6, 0x0,

    /* U+3046 "う" */
    0x70, 0xe, 0x0, 0x3c, 0xc2, 0x1, 0x1, 0x1,
    0x1, 0x2, 0x1c, 0x60,

    /* U+3048 "え" */
    0x38, 0x0, 0xe0, 0x0, 0x2, 0x87, 0xa0, 0x8,
    0x2, 0x0, 0xe0, 0x24, 0x8, 0x42, 0xf, 0x80,

    /* U+304A "お" */
    0x10, 0x2, 0x0, 0x73, 0x78, 0x11, 0x0, 0x3e,
    0xc, 0x32, 0x82, 0x90, 0x52, 0x9, 0x9e, 0x0,

    /* U+304B "か" */
    0x8, 0x0, 0x80, 0x8, 0x4f, 0xf2, 0x11, 0x11,
    0x9, 0x11, 0x12, 0x10, 0x21, 0x4, 0x10, 0x4e,
    0x0,

    /* U+304C "が" */
    0x0, 0x10, 0x43, 0x82, 0xa, 0x20, 0x8f, 0xe2,
    0x8, 0x90, 0x44, 0x44, 0x22, 0x21, 0x1, 0x8,
    0x10, 0x41, 0xbc, 0x0,

    /* U+304D "き" */
    0x4, 0x1, 0x67, 0xe0, 0x8, 0xc7, 0xce, 0x40,
    0x11, 0xe, 0x40, 0x10, 0x6, 0x0, 0x6c,

    /* U+304F "く" */
    0x6, 0x10, 0x41, 0x4, 0x10, 0x10, 0x10, 0x10,
    0x10, 0x10, 0x10,

    /* U+3053 "こ" */
    0xff, 0x0, 0x0, 0x0, 0x0, 0x0, 0x2, 0x1,
    0x0, 0x80, 0x3f, 0xc0,

    /* U+3055 "さ" */
    0x4, 0x1, 0xf, 0xfc, 0x8, 0x1, 0x0, 0x40,
    0x29, 0x4, 0x40, 0x10, 0x3, 0xf0,

    /* U+3057 "し" */
    0x80, 0x80, 0x80, 0x80, 0x80, 0x80, 0x80, 0x80,
    0x81, 0x81, 0x86, 0x78,

    /* U+3059 "す" */
    0x1, 0x0, 0x10, 0xff, 0xf0, 0x10, 0xe, 0x1,
    0x10, 0x11, 0x0, 0x90, 0x7, 0x0, 0x20, 0x4,
    0x1, 0x80,

    /* U+305B "せ" */
    0x0, 0x81, 0x8, 0x10, 0x81, 0x3f, 0xfc, 0x81,
    0x8, 0x10, 0x81, 0x38, 0x10, 0x1, 0x0, 0xf,
    0xc0,

    /* U+305F "た" */
    0x10, 0x2, 0x3, 0x70, 0x10, 0x2, 0x3c, 0x40,
    0x8, 0x2, 0x0, 0x44, 0x8, 0x82, 0x1f, 0x80,

    /* U+3060 "だ" */
    0x8, 0x21, 0x5, 0x1e, 0x2f, 0x0, 0x13, 0xe1,
    0x0, 0x20, 0x2, 0x0, 0x24, 0x4, 0x40, 0x43,
    0x34, 0xc,

    /* U+3061 "ち" */
    0x10, 0x4, 0x2f, 0xf0, 0x80, 0x20, 0xb, 0xc3,
    0x9, 0x1, 0x0, 0x40, 0x21, 0xf0,

    /* U+3063 "っ" */
    0xf, 0x3c, 0x20, 0x4, 0x1, 0x0, 0x40, 0x61,
    0xe0,

    /* U+3064 "つ" */
    0xf, 0xce, 0x6, 0x0, 0x80, 0x10, 0x2, 0x0,
    0x40, 0x10, 0xc, 0xe, 0x0,

    /* U+3066 "て" */
    0x1f, 0xfc, 0x40, 0x10, 0x2, 0x0, 0x40, 0x10,
    0x2, 0x0, 0x20, 0x6, 0x0, 0x38,

    /* U+3067 "で" */
    0xd, 0xef, 0x20, 0x4, 0x20, 0x45, 0x8, 0x40,
    0x80, 0x8, 0x0, 0x40, 0x4, 0x0, 0x3c,

    /* U+306A "な" */
    0x10, 0x2, 0x3, 0xf6, 0x10, 0x22, 0x12, 0x82,
    0x10, 0x44, 0x8, 0x9f, 0x2, 0x38, 0x44, 0x87,
    0x0,

    /* U+306B "に" */
    0x80, 0x23, 0xf8, 0x2, 0x0, 0x80, 0x20, 0xc,
    0x83, 0x20, 0x88, 0x21, 0xf0,

    /* U+306E "の" */
    0xf, 0x83, 0x24, 0x42, 0x24, 0x42, 0x84, 0x18,
    0x41, 0x88, 0x14, 0x82, 0x70, 0x40, 0x38,

    /* U+306F "は" */
    0x81, 0x10, 0x22, 0x4, 0x47, 0xf8, 0x11, 0x2,
    0x20, 0x46, 0x38, 0x88, 0xd2, 0x16, 0x3c, 0x0,

    /* U+307E "ま" */
    0x8, 0x4, 0x7f, 0xc1, 0x0, 0x9f, 0xf0, 0x20,
    0x50, 0xde, 0x44, 0xbe, 0x20,

    /* U+307F "み" */
    0x3e, 0x0, 0x20, 0x4, 0x0, 0x42, 0x3f, 0x24,
    0x8c, 0x88, 0x79, 0x4, 0xe0, 0x80, 0x10, 0x2,
    0x0,

    /* U+3082 "も" */
    0x8, 0x1, 0x1, 0xfc, 0x4, 0x0, 0x81, 0x20,
    0x9f, 0xc8, 0x81, 0x10, 0x22, 0x4, 0x3f, 0x0,

    /* U+308A "り" */
    0x40, 0x9c, 0xa2, 0xc1, 0x81, 0x81, 0x81, 0x81,
    0x2, 0x6, 0x18, 0x20,

    /* U+308C "れ" */
    0x10, 0x0, 0x80, 0x1c, 0xe1, 0x28, 0x81, 0x84,
    0x8, 0x20, 0x81, 0xa, 0x8, 0x90, 0x44, 0x84,
    0x44, 0x1c,

    /* U+3092 "を" */
    0x10, 0x4, 0xcf, 0xc0, 0x80, 0x38, 0x51, 0xe8,
    0xc0, 0x50, 0x24, 0x8, 0x3, 0xf8,

    /* U+3093 "ん" */
    0x4, 0x0, 0x40, 0x8, 0x0, 0x80, 0x10, 0x1,
    0xc0, 0x32, 0x2, 0x21, 0x42, 0x14, 0x22, 0x81,
    0xe0,

    /* U+30A2 "ア" */
    0xff, 0xe0, 0x8, 0x22, 0x4, 0xc0, 0xa0, 0x10,
    0x2, 0x0, 0x40, 0x10, 0xc, 0x0,

    /* U+30A3 "ィ" */
    0x1, 0x81, 0x1, 0x3, 0x8e, 0x40, 0x20, 0x10,
    0x8, 0x4, 0x0,

    /* U+30A4 "イ" */
    0x0, 0x20, 0x8, 0x2, 0x0, 0x80, 0x60, 0x74,
    0x30, 0x80, 0x10, 0x2, 0x0, 0x40, 0x8, 0x0,

    /* U+30A6 "ウ" */
    0x8, 0x2, 0xf, 0xfe, 0x1, 0x80, 0x60, 0x10,
    0x8, 0x2, 0x1, 0x1, 0x81, 0x80,

    /* U+30A8 "エ" */
    0x7f, 0xe0, 0x40, 0x4, 0x0, 0x40, 0x4, 0x0,
    0x40, 0x4, 0xf, 0xff,

    /* U+30A9 "ォ" */
    0x4, 0x7f, 0xc1, 0x1, 0x81, 0x41, 0x23, 0x10,
    0x8, 0x1c, 0x0,

    /* U+30AA "オ" */
    0x2, 0x0, 0x80, 0x23, 0xff, 0x6, 0x2, 0x81,
    0x20, 0x88, 0x42, 0x20, 0x80, 0xe0,

    /* U+30AB "カ" */
    0x8, 0x2, 0x0, 0x83, 0xff, 0x8, 0x44, 0x11,
    0x4, 0x41, 0x20, 0x50, 0x28, 0x78,

    /* U+30AD "キ" */
    0x10, 0x2, 0x0, 0xfb, 0xe0, 0x8, 0x2, 0x0,
    0xff, 0xd0, 0x4, 0x1, 0x0, 0x60,

    /* U+30AF "ク" */
    0x8, 0x2, 0x1, 0xfc, 0x81, 0x40, 0xa0, 0x20,
    0x10, 0x8, 0x4, 0x2, 0x7, 0x0,

    /* U+30B0 "グ" */
    0x0, 0x20, 0x45, 0x8, 0x30, 0xfc, 0x10, 0x42,
    0x4, 0x40, 0x88, 0x8, 0x1, 0x0, 0x20, 0x4,
    0x1, 0x80, 0x60, 0x0,

    /* U+30B5 "サ" */
    0x10, 0x81, 0x8, 0x10, 0x8f, 0xff, 0x10, 0x81,
    0x8, 0x10, 0x81, 0x8, 0x1, 0x0, 0x10, 0xe,
    0x0,

    /* U+30B6 "ザ" */
    0x0, 0x51, 0xb, 0x10, 0xaf, 0xff, 0x10, 0x81,
    0x8, 0x10, 0x81, 0x10, 0x1, 0x0, 0x10, 0x6,
    0x0, 0x80,

    /* U+30B7 "シ" */
    0x20, 0x2, 0x0, 0x20, 0x0, 0xc, 0x2, 0x40,
    0x80, 0x20, 0x8, 0x6, 0x3, 0x3, 0x80, 0x0,

    /* U+30B8 "ジ" */
    0x0, 0x46, 0x34, 0x22, 0x80, 0x8, 0x2, 0xc0,
    0x80, 0x20, 0x8, 0x2, 0x1, 0x83, 0xc0, 0x0,

    /* U+30B9 "ス" */
    0x7f, 0x80, 0x20, 0x10, 0x4, 0x2, 0x1, 0x0,
    0xa0, 0x44, 0x20, 0xb0, 0x10,

    /* U+30BB "セ" */
    0x10, 0x2, 0x0, 0x40, 0x9, 0xf7, 0xc5, 0x20,
    0x84, 0x20, 0x88, 0x10, 0x2, 0x0, 0x3f, 0x80,

    /* U+30BF "タ" */
    0x8, 0x2, 0x1, 0x7c, 0x81, 0x40, 0xa6, 0x20,
    0x50, 0xc, 0x4, 0x82, 0x7, 0x0,

    /* U+30C0 "ダ" */
    0x0, 0x20, 0x45, 0x8, 0x30, 0xfc, 0x10, 0x42,
    0x4, 0x48, 0x88, 0x68, 0x1, 0x0, 0x2c, 0x4,
    0x1, 0x80, 0x60, 0x0,

    /* U+30C3 "ッ" */
    0x10, 0x48, 0x62, 0x48, 0x20, 0x20, 0x10, 0x10,
    0x30, 0x60, 0x0,

    /* U+30C6 "テ" */
    0x3f, 0xc0, 0x0, 0x0, 0xf, 0xff, 0x2, 0x0,
    0x20, 0x2, 0x0, 0x40, 0x4, 0x1, 0x80,

    /* U+30C7 "デ" */
    0x0, 0x50, 0x1, 0x8f, 0xea, 0x0, 0x0, 0x0,
    0x7e, 0xf8, 0x8, 0x0, 0x40, 0x4, 0x0, 0x20,
    0x1, 0x0, 0x30, 0x2, 0x0, 0x0,

    /* U+30C8 "ト" */
    0x81, 0x2, 0x4, 0xc, 0x17, 0x21, 0xc0, 0x81,
    0x2, 0x0,

    /* U+30C9 "ド" */
    0x8a, 0x85, 0x84, 0x40, 0xb8, 0x86, 0x80, 0x80,
    0x80, 0x80,

    /* U+30CB "ニ" */
    0x3f, 0xc0, 0x0, 0x0, 0x0, 0x0, 0x0, 0x0,
    0x0, 0x7, 0xff,

    /* U+30CD "ネ" */
    0x2, 0x0, 0x20, 0x7f, 0xc0, 0x8, 0x1, 0x0,
    0x20, 0xc, 0x83, 0x26, 0xc2, 0x10, 0x20, 0x2,
    0x0,

    /* U+30D0 "バ" */
    0x0, 0x50, 0x3, 0x11, 0x1, 0x8, 0x10, 0x81,
    0x4, 0x20, 0x42, 0x2, 0x40, 0x24, 0x2, 0x80,
    0x10,

    /* U+30D5 "フ" */
    0xff, 0x80, 0x10, 0x4, 0x2, 0x0, 0x80, 0x40,
    0x10, 0x8, 0xc, 0xc, 0x0,

    /* U+30D6 "ブ" */
    0x0, 0xa0, 0x17, 0xff, 0x0, 0x20, 0x8, 0x1,
    0x0, 0x20, 0x8, 0x1, 0x0, 0x40, 0x30, 0x18,
    0x0,

    /* U+30D7 "プ" */
    0x0, 0x7f, 0xfd, 0x0, 0x60, 0x8, 0x0, 0x80,
    0x8, 0x1, 0x0, 0x10, 0x2, 0x0, 0xc0, 0x30,
    0x0,

    /* U+30D9 "ベ" */
    0x0, 0x20, 0xa, 0x1c, 0x51, 0x20, 0x21, 0x4,
    0x8, 0x80, 0x40, 0x2, 0x0, 0x10,

    /* U+30DE "マ" */
    0xff, 0xe0, 0x8, 0x2, 0x20, 0x82, 0x20, 0x28,
    0x2, 0x0, 0x20, 0x3, 0x0,

    /* U+30DF "ミ" */
    0x3e, 0x0, 0xc0, 0xc, 0x1, 0xe0, 0x8, 0x1,
    0x80, 0x3c, 0x1, 0xc0,

    /* U+30E0 "ム" */
    0x4, 0x0, 0x40, 0x4, 0x0, 0x80, 0x8, 0x0,
    0x88, 0x10, 0x41, 0x4, 0x10, 0x23, 0xfe, 0xc0,
    0x10,

    /* U+30E2 "モ" */
    0x7f, 0x81, 0x0, 0x20, 0x4, 0xf, 0xfe, 0x10,
    0x2, 0x0, 0x40, 0x8, 0x1, 0xf8,

    /* U+30E3 "ャ" */
    0x10, 0x4, 0x73, 0xeb, 0x42, 0xb, 0x2, 0x0,
    0x80, 0x10, 0x4, 0x0,

    /* U+30E5 "ュ" */
    0x3f, 0x0, 0x40, 0x10, 0x4, 0x1, 0x0, 0x4f,
    0xfc,

    /* U+30E7 "ョ" */
    0xfe, 0x1, 0x1, 0x1, 0xff, 0x1, 0x1, 0xff,
    0x1,

    /* U+30E9 "ラ" */
    0x7f, 0x80, 0x0, 0x3, 0xff, 0x0, 0x40, 0x20,
    0x8, 0x4, 0x2, 0xf, 0x0,

    /* U+30EA "リ" */
    0x81, 0x81, 0x81, 0x81, 0x81, 0x81, 0x2, 0x2,
    0x4, 0x38,

    /* U+30EB "ル" */
    0x12, 0x1, 0x20, 0x12, 0x1, 0x20, 0x12, 0x1,
    0x21, 0x22, 0x12, 0x22, 0x42, 0xc8, 0x10,

    /* U+30EC "レ" */
    0x80, 0x40, 0x20, 0x10, 0x8, 0xc, 0x6, 0x5,
    0xc, 0x98, 0x70, 0x0,

    /* U+30ED "ロ" */
    0xff, 0xe0, 0x18, 0x6, 0x1, 0x80, 0x60, 0x18,
    0x7, 0xff, 0x80, 0x40,

    /* U+30EF "ワ" */
    0xff, 0xe0, 0x18, 0x6, 0x1, 0x80, 0x80, 0x20,
    0x10, 0x4, 0x6, 0x6, 0x0,

    /* U+30F3 "ン" */
    0x40, 0x4, 0x0, 0x60, 0x80, 0x10, 0x4, 0x1,
    0x0, 0x40, 0x30, 0x18, 0x1c, 0x0,

    /* U+30FC "ー" */
    0xff, 0xc0,

    /* U+4E00 "一" */
    0xff, 0xf0,

    /* U+4E0B "下" */
    0xff, 0xf0, 0x40, 0x4, 0x0, 0x40, 0x7, 0x0,
    0x4c, 0x4, 0x20, 0x40, 0x4, 0x0, 0x40, 0x4,
    0x0, 0x40,

    /* U+4E0D "不" */
    0xff, 0xf0, 0x20, 0x4, 0x0, 0x40, 0xd, 0x81,
    0x44, 0x64, 0x28, 0x41, 0x4, 0x0, 0x40, 0x4,
    0x0, 0x40,

    /* U+4E2D "中" */
    0x4, 0x0, 0x80, 0x10, 0x7f, 0xf8, 0x43, 0x8,
    0x61, 0xc, 0x21, 0xff, 0xe0, 0x80, 0x10, 0x2,
    0x0, 0x40,

    /* U+4E86 "了" */
    0xff, 0xe0, 0x4, 0x3, 0x0, 0x80, 0x60, 0x4,
    0x0, 0x80, 0x10, 0x2, 0x0, 0x40, 0x8, 0xe,
    0x0,

    /* U+4F3A "伺" */
    0x8, 0x0, 0xbf, 0xc4, 0x2, 0x4f, 0xd2, 0x0,
    0xb1, 0xc6, 0x91, 0x24, 0x89, 0x24, 0x49, 0x3e,
    0x49, 0x2, 0x40, 0x12, 0x7, 0x80,

    /* U+4F4E "低" */
    0x8, 0x10, 0x9f, 0x5, 0x10, 0x48, 0x82, 0x44,
    0x32, 0x22, 0x9f, 0xe4, 0x88, 0x24, 0x21, 0x21,
    0x9, 0x2a, 0x4a, 0xd2, 0x65, 0x80,

    /* U+4F60 "你" */
    0xa, 0x0, 0x90, 0x4, 0x80, 0x47, 0xf2, 0x44,
    0xb6, 0x26, 0x89, 0x44, 0x4a, 0x22, 0x49, 0x22,
    0x4a, 0x12, 0x40, 0x82, 0x18, 0x0,

    /* U+4FE1 "信" */
    0x22, 0x2, 0x10, 0x20, 0x5, 0xff, 0x4f, 0xec,
    0x0, 0xcf, 0xe4, 0x0, 0x47, 0xc4, 0x82, 0x48,
    0x24, 0x82, 0x4f, 0xe0,

    /* U+5019 "候" */
    0x20, 0x2, 0x7e, 0x20, 0x24, 0x2, 0x5f, 0xdd,
    0x20, 0xd5, 0xf5, 0x48, 0x5f, 0xf5, 0x8, 0x41,
    0x84, 0x24, 0x4c, 0x30,

    /* U+5099 "備" */
    0x24, 0x42, 0x44, 0x3f, 0xf4, 0x44, 0x5f, 0xfc,
    0x40, 0xcf, 0xe7, 0x91, 0x4f, 0xe4, 0x91, 0x4f,
    0xe4, 0x91, 0x49, 0x20,

    /* U+5145 "充" */
    0x4, 0x0, 0x20, 0xf7, 0xf0, 0x80, 0x11, 0x82,
    0x4, 0x46, 0xe7, 0x91, 0x9, 0x1, 0x10, 0x11,
    0x12, 0x11, 0xc0, 0xf0,

    /* U+5148 "先" */
    0x4, 0x2, 0x40, 0x24, 0x3, 0xfe, 0x44, 0x4,
    0x40, 0xf6, 0xf0, 0x90, 0x11, 0x1, 0x10, 0x11,
    0x12, 0x11, 0xc0, 0xf0,

    /* U+5165 "入" */
    0x18, 0x0, 0x40, 0x4, 0x0, 0x60, 0x5, 0x0,
    0x50, 0x9, 0x0, 0x88, 0x10, 0x42, 0x4, 0x40,
    0x28, 0x1,

    /* U+5173 "关" */
    0x20, 0x41, 0x8, 0x10, 0x87, 0xfe, 0x4, 0x0,
    0x40, 0x4, 0xf, 0xff, 0x6, 0x0, 0x90, 0x18,
    0x82, 0x4, 0xc0, 0x30,

    /* U+5185 "内" */
    0x2, 0x0, 0x20, 0x2, 0xf, 0xdf, 0x84, 0x18,
    0x41, 0x86, 0x18, 0x91, 0x90, 0x9a, 0x5, 0x80,
    0x18, 0x1, 0x80, 0xe0,

    /* U+518D "再" */
    0xff, 0xf0, 0x40, 0x3f, 0xc4, 0x42, 0x44, 0x27,
    0xfe, 0x44, 0x24, 0x42, 0xfb, 0xf4, 0x2, 0x40,
    0x24, 0xe,

    /* U+51FA "出" */
    0x8, 0x2, 0x8, 0x86, 0x21, 0x88, 0x62, 0x17,
    0xfa, 0x21, 0x88, 0x62, 0x18, 0x87, 0xff, 0x0,
    0x40,

    /* U+5207 "切" */
    0x23, 0x71, 0x4, 0x49, 0x23, 0xf1, 0x12, 0x8,
    0x90, 0x44, 0x82, 0x24, 0xa1, 0x39, 0x9, 0x8,
    0x40, 0x82, 0x18, 0xe0,

    /* U+521D "初" */
    0x40, 0x2, 0x6e, 0x21, 0x1d, 0x11, 0x11, 0x12,
    0x11, 0x29, 0x17, 0x11, 0xaa, 0x12, 0x21, 0x22,
    0x12, 0x42, 0x28, 0xe0,

    /* U+5229 "利" */
    0x2, 0x3, 0xe0, 0x42, 0x22, 0x11, 0x16, 0xe8,
    0x88, 0x44, 0x62, 0x25, 0x91, 0x2a, 0x8a, 0x44,
    0x62, 0x2, 0x10, 0x10, 0x87, 0x80,

    /* U+5230 "到" */
    0xfe, 0x92, 0x9, 0x24, 0x94, 0xe9, 0xf2, 0x91,
    0x9, 0xfe, 0x91, 0x9, 0x10, 0x91, 0x61, 0xe8,
    0x10, 0x6,

    /* U+529F "功" */
    0x1, 0xf, 0x90, 0x27, 0xe2, 0x11, 0x21, 0x12,
    0x11, 0x21, 0x13, 0x91, 0xe2, 0x10, 0x21, 0x4,
    0x11, 0x8e,

    /* U+52A0 "加" */
    0x10, 0x0, 0x87, 0xdf, 0xa2, 0x25, 0x11, 0x28,
    0x89, 0x44, 0x8a, 0x24, 0x51, 0x22, 0x89, 0x14,
    0x50, 0xbf, 0xb9, 0x10,

    /* U+52A1 "务" */
    0x8, 0x0, 0x80, 0x17, 0xe7, 0x8, 0x8d, 0x1,
    0xf8, 0xe0, 0x70, 0x40, 0x7f, 0xe0, 0x42, 0x8,
    0x23, 0x2, 0xc1, 0xc0,

    /* U+52B9 "効" */
    0x20, 0x81, 0x8, 0xfc, 0x80, 0x1e, 0x48, 0x94,
    0x49, 0xca, 0x92, 0x89, 0x10, 0x91, 0x11, 0x29,
    0x14, 0x21, 0x84, 0xe0,

    /* U+52D9 "務" */
    0x1, 0x7, 0xc8, 0x2, 0xbc, 0xaa, 0x42, 0xc,
    0x7c, 0xf0, 0xb8, 0x6d, 0x10, 0x6f, 0xf5, 0x8,
    0xa8, 0x44, 0x44, 0x26, 0xce, 0x0,

    /* U+5316 "化" */
    0x10, 0x1, 0x20, 0x22, 0x2, 0x21, 0x62, 0x2a,
    0x24, 0xa3, 0x82, 0x20, 0x2e, 0x2, 0x21, 0x22,
    0x12, 0x21, 0x21, 0xf0,

    /* U+5347 "升" */
    0xe, 0x8f, 0x8, 0x10, 0x81, 0x8, 0x10, 0x8f,
    0xff, 0x10, 0x81, 0x8, 0x20, 0x82, 0x8, 0x40,
    0x88, 0x8,

    /* U+5361 "卡" */
    0x4, 0x0, 0x40, 0x7, 0xe0, 0x40, 0x4, 0xf,
    0xff, 0x4, 0x0, 0x40, 0x5, 0x80, 0x46, 0x4,
    0x10, 0x40, 0x4, 0x0,

    /* U+53CB "友" */
    0x8, 0x0, 0x80, 0x8, 0xf, 0x7f, 0x10, 0x1,
    0xf8, 0x10, 0x41, 0x84, 0x28, 0x82, 0x50, 0x43,
    0x8, 0xc8, 0xb0, 0x70,

    /* U+53D1 "发" */
    0x4, 0x82, 0x44, 0x24, 0x27, 0x7f, 0x8, 0x0,
    0x80, 0xf, 0xc1, 0x84, 0x14, 0x82, 0x28, 0x43,
    0x8, 0x4c, 0x38, 0x30,

    /* U+53EF "可" */
    0xff, 0xf0, 0x2, 0x0, 0x27, 0xe2, 0x42, 0x24,
    0x22, 0x42, 0x24, 0x22, 0x7c, 0x24, 0x2, 0x0,
    0x20, 0x1c,

    /* U+540E "后" */
    0x3f, 0xe4, 0x0, 0x40, 0x7, 0xff, 0x40, 0x4,
    0x0, 0x5f, 0xe5, 0x2, 0x50, 0x29, 0x2, 0x9f,
    0xe9, 0x2,

    /* U+542C "听" */
    0x0, 0x26, 0x3c, 0x94, 0x9, 0x40, 0x94, 0x9,
    0x7f, 0x94, 0x49, 0x44, 0x94, 0x4f, 0x44, 0x84,
    0x40, 0x84, 0x8, 0x40,

    /* U+542F "启" */
    0x4, 0x0, 0x41, 0xff, 0xa0, 0x14, 0x2, 0xff,
    0xd0, 0x2, 0x0, 0x7f, 0xec, 0x6, 0x80, 0xcf,
    0xfa, 0x2,

    /* U+544A "告" */
    0x2, 0x2, 0x20, 0x3f, 0xe4, 0x20, 0x82, 0xf,
    0xff, 0x0, 0x0, 0x0, 0x7f, 0xe4, 0x2, 0x40,
    0x24, 0x2, 0x7f, 0xe0,

    /* U+547D "命" */
    0x2, 0x0, 0x60, 0x9, 0x3, 0xc, 0xdf, 0xb0,
    0x0, 0x79, 0xe4, 0x92, 0x49, 0x24, 0x92, 0x79,
    0xe4, 0x10, 0x1, 0x0,

    /* U+54CD "响" */
    0x0, 0x80, 0x8, 0xf1, 0x9, 0xef, 0x98, 0x19,
    0x9d, 0x9a, 0x59, 0xa5, 0xfa, 0x58, 0x9d, 0x8a,
    0x10, 0x81, 0x8, 0x30,

    /* U+554F "問" */
    0xfb, 0xf8, 0xa1, 0xf9, 0xf8, 0xa1, 0xf9, 0xf8,
    0x1, 0x9f, 0x19, 0x9, 0x90, 0x99, 0xf9, 0x90,
    0x18, 0x7,

    /* U+555F "啟" */
    0x20, 0x81, 0x8, 0x7c, 0x84, 0x4f, 0x45, 0x17,
    0xda, 0x42, 0xa4, 0xa, 0xbc, 0x4a, 0x44, 0xa4,
    0x4b, 0xca, 0xa5, 0x10,

    /* U+5668 "器" */
    0x79, 0xe4, 0x92, 0x49, 0x27, 0x9e, 0x4, 0x8f,
    0xff, 0x10, 0x86, 0x6, 0xb9, 0xf4, 0x92, 0x49,
    0x27, 0x9e,

    /* U+5728 "在" */
    0x8, 0x0, 0x80, 0xef, 0xf1, 0x0, 0x11, 0x2,
    0x10, 0x61, 0xa, 0xff, 0xa1, 0x2, 0x10, 0x21,
    0x2, 0x10, 0x2f, 0xf0,

    /* U+5831 "報" */
    0x20, 0x2, 0x3f, 0xfa, 0x12, 0x21, 0xfe, 0x64,
    0xae, 0x53, 0x1f, 0xe9, 0x22, 0xaf, 0xe6, 0x22,
    0x42, 0x2a, 0x23, 0x10,

    /* U+5907 "备" */
    0x8, 0x1, 0xf8, 0x30, 0x44, 0x98, 0x86, 0x1,
    0x98, 0xe0, 0x77, 0xfe, 0x42, 0x23, 0xfc, 0x42,
    0x24, 0x22, 0x3f, 0xc0,

    /* U+5927 "大" */
    0x2, 0x0, 0x20, 0x4, 0x0, 0x40, 0xfd, 0xf0,
    0x60, 0x6, 0x0, 0x90, 0x9, 0x1, 0x8, 0x10,
    0x46, 0x2, 0x80, 0x10,

    /* U+5931 "失" */
    0x4, 0x2, 0x40, 0x24, 0x3, 0xfe, 0x44, 0x8,
    0x40, 0x4, 0xf, 0xff, 0x6, 0x0, 0x90, 0x10,
    0x82, 0x4, 0xc0, 0x30,

    /* U+597D "好" */
    0x10, 0x1, 0xf, 0x48, 0x4, 0xf8, 0x42, 0x44,
    0x12, 0x21, 0x2f, 0xe9, 0x8, 0x28, 0x40, 0x82,
    0x6, 0x10, 0x48, 0x8c, 0x1c, 0x0,

    /* U+59CB "始" */
    0x20, 0x84, 0x10, 0x41, 0x4f, 0x22, 0x4a, 0x15,
    0x7f, 0x90, 0x19, 0x3f, 0x54, 0x12, 0x41, 0x34,
    0x14, 0xc1, 0x87, 0xf0,

    /* U+5B8C "完" */
    0x4, 0x0, 0x20, 0xff, 0xf8, 0x1, 0xbf, 0xd0,
    0x0, 0x0, 0xf, 0xff, 0x9, 0x1, 0x10, 0x11,
    0x12, 0x11, 0xc1, 0xf0,

    /* U+5B9A "定" */
    0x4, 0x0, 0x20, 0xff, 0xf8, 0x1, 0xbb, 0xd0,
    0x40, 0x4, 0x2, 0x40, 0x23, 0xe2, 0x40, 0x54,
    0x4, 0xc0, 0x83, 0xf0,

    /* U+5BFB "寻" */
    0x3f, 0xe0, 0x2, 0x3f, 0xc0, 0x2, 0x3f, 0xc0,
    0x8, 0xff, 0xf0, 0x8, 0x18, 0x80, 0xc8, 0x0,
    0x80, 0x38,

    /* U+5C06 "将" */
    0x20, 0x82, 0x1f, 0xa6, 0x26, 0xa2, 0x61, 0xc2,
    0x32, 0x2c, 0x22, 0xff, 0x64, 0x2a, 0x22, 0x22,
    0x22, 0x12, 0x20, 0xc0,

    /* U+5C07 "將" */
    0x10, 0x89, 0x1e, 0x93, 0x19, 0xca, 0xf2, 0x41,
    0x1a, 0x16, 0x2f, 0xff, 0x90, 0x29, 0x62, 0x91,
    0x29, 0x2, 0x91, 0xc0,

    /* U+5C0B "尋" */
    0x7f, 0xe3, 0xfe, 0x0, 0x27, 0xfc, 0xfb, 0xe2,
    0x21, 0x3f, 0xbc, 0x4, 0xff, 0xf2, 0x4, 0x18,
    0x40, 0x38,

    /* U+5C11 "少" */
    0x4, 0x0, 0x40, 0x4, 0x2, 0x44, 0x44, 0x24,
    0x41, 0x84, 0x10, 0x40, 0x4, 0x40, 0x8, 0x3,
    0x1, 0xc0, 0xe0, 0x0,

    /* U+5DF2 "已" */
    0xff, 0xc0, 0x2, 0x40, 0x24, 0x2, 0x40, 0x27,
    0xfc, 0x40, 0x4, 0x0, 0x40, 0x14, 0x1, 0x40,
    0x13, 0xfe,

    /* U+5E94 "应" */
    0x2, 0x0, 0x20, 0x7f, 0xf4, 0x0, 0x42, 0x25,
    0x22, 0x52, 0x25, 0x14, 0x49, 0x48, 0x84, 0x80,
    0x88, 0x8, 0xbf, 0x70,

    /* U+5EA6 "度" */
    0x2, 0x0, 0x20, 0x7d, 0xf4, 0x84, 0x7f, 0xf4,
    0x84, 0x4f, 0xc4, 0x0, 0x7f, 0xe8, 0x84, 0x84,
    0x88, 0x78, 0xf8, 0x70,

    /* U+5F00 "开" */
    0xff, 0xf1, 0x8, 0x10, 0x81, 0x8, 0x10, 0x8f,
    0xff, 0x10, 0x81, 0x8, 0x10, 0x82, 0x8, 0x40,
    0x88, 0x8,

    /* U+5F0F "式" */
    0x1, 0x40, 0x12, 0x1, 0x1f, 0xff, 0x1, 0x0,
    0x10, 0xff, 0x1, 0x8, 0x10, 0x81, 0x8, 0x12,
    0x97, 0xc5, 0x80, 0x30,

    /* U+5F55 "录" */
    0x7f, 0xc0, 0x4, 0x7f, 0xc0, 0x4, 0xfd, 0xf0,
    0x20, 0x62, 0x21, 0x2c, 0xd, 0x3, 0x2c, 0xc2,
    0x31, 0xc0,

    /* U+5F85 "待" */
    0x21, 0x2, 0x10, 0x4f, 0xfa, 0x10, 0x21, 0x4,
    0xff, 0x40, 0x4a, 0xff, 0x20, 0x42, 0x44, 0x22,
    0x42, 0x4, 0x21, 0xc0,

    /* U+5F8C "後" */
    0x21, 0x1, 0x10, 0x11, 0x19, 0x3b, 0x2, 0x24,
    0x22, 0x73, 0x6c, 0x58, 0x78, 0x44, 0x22, 0xd2,
    0x10, 0x60, 0x84, 0x85, 0xc3, 0x80,

    /* U+5FDC "応" */
    0x4, 0x0, 0x20, 0x7f, 0xf4, 0x40, 0x42, 0x4,
    0x18, 0x44, 0x5, 0x42, 0xa4, 0x2a, 0x41, 0xa4,
    0x5c, 0x45, 0x87, 0x80,

    /* U+6001 "态" */
    0x2, 0x0, 0x40, 0xff, 0xf0, 0x60, 0x9, 0x0,
    0x90, 0x34, 0xcc, 0x23, 0x4, 0x25, 0x22, 0x51,
    0x29, 0x5, 0x1f, 0x80,

    /* U+606F "息" */
    0x2, 0x1, 0xf8, 0x20, 0x43, 0xfc, 0x20, 0x43,
    0xfc, 0x20, 0x43, 0xbc, 0x4, 0x5, 0x22, 0x51,
    0x19, 0x5, 0x1f, 0x80,

    /* U+60C5 "情" */
    0x20, 0x81, 0x3f, 0xc8, 0x20, 0xef, 0xf6, 0x88,
    0x33, 0xbe, 0x9f, 0xc4, 0x82, 0x27, 0xf1, 0x20,
    0x89, 0xfc, 0x48, 0x22, 0x43, 0x0,

    /* U+614B "態" */
    0x21, 0x4, 0x96, 0xfd, 0x80, 0x51, 0xfc, 0xe7,
    0x91, 0x85, 0xef, 0xd1, 0x9d, 0x10, 0x4e, 0x92,
    0x29, 0x9, 0x1f, 0x80,

    /* U+61C9 "應" */
    0x2, 0x7, 0x77, 0x8a, 0x89, 0x7f, 0x94, 0x8b,
    0xfe, 0xd7, 0xe9, 0x48, 0x97, 0x78, 0x30, 0x98,
    0xaa, 0x85, 0xc7, 0xd0,

    /* U+6210 "成" */
    0x1, 0x80, 0x16, 0x1, 0x17, 0xfe, 0x41, 0x7,
    0x12, 0x49, 0x24, 0x94, 0x48, 0xc4, 0x88, 0xb9,
    0x98, 0x25, 0x84, 0x30,

    /* U+6211 "我" */
    0x5, 0x7, 0x94, 0x91, 0x21, 0x11, 0xff, 0xf1,
    0x10, 0x11, 0x21, 0xd2, 0xf0, 0xc1, 0x8, 0x11,
    0x91, 0x65, 0x70, 0x30,

    /* U+624B "手" */
    0x0, 0x67, 0xf8, 0x2, 0x0, 0x20, 0x7f, 0xe0,
    0x20, 0x2, 0xf, 0xff, 0x2, 0x0, 0x20, 0x2,
    0x0, 0x20, 0x1c, 0x0,

    /* U+626B "扫" */
    0x20, 0x4, 0xf8, 0x80, 0xfc, 0x12, 0x2, 0x40,
    0x4b, 0xfb, 0x81, 0xa0, 0x24, 0x4, 0x80, 0x93,
    0xfe, 0x2,

    /* U+627E "找" */
    0x22, 0x1, 0x16, 0x8, 0x49, 0xe2, 0x22, 0x7e,
    0x10, 0x80, 0x84, 0x8e, 0x24, 0xa0, 0xc1, 0x4,
    0x8, 0x62, 0x4c, 0x9c, 0x83, 0x0,

    /* U+633F "挿" */
    0x10, 0x0, 0xbf, 0xc4, 0x10, 0xff, 0xf1, 0x4,
    0x9, 0xfc, 0x51, 0x2f, 0x7f, 0x94, 0x48, 0xbf,
    0xc5, 0x12, 0x20, 0x86, 0x4, 0x0,

    /* U+6362 "换" */
    0x42, 0x4, 0x3a, 0x44, 0x4f, 0x88, 0x4f, 0x64,
    0x52, 0x45, 0x27, 0x52, 0xcf, 0xf4, 0x18, 0x42,
    0x44, 0x42, 0xd8, 0x10,

    /* U+6383 "掃" */
    0x20, 0x1, 0x1f, 0x88, 0xfc, 0xf0, 0x22, 0x3f,
    0x10, 0x0, 0xbf, 0xfe, 0x89, 0x23, 0xf9, 0x12,
    0x48, 0x92, 0x44, 0xee, 0x4, 0x0,

    /* U+63A2 "探" */
    0x40, 0x4, 0xff, 0x48, 0x1f, 0x24, 0x44, 0x24,
    0x81, 0x51, 0x6, 0xff, 0xc1, 0x84, 0x34, 0x45,
    0x25, 0x91, 0xc1, 0x0,

    /* U+63A5 "接" */
    0x20, 0x81, 0x4, 0x9, 0xfe, 0xf2, 0x42, 0x12,
    0x13, 0xfc, 0x82, 0x7, 0xfd, 0xe1, 0x11, 0x11,
    0x8, 0x70, 0x41, 0x46, 0xf1, 0x80,

    /* U+63CF "描" */
    0x21, 0x21, 0x9, 0x9, 0xfe, 0xf2, 0x42, 0x12,
    0x10, 0x0, 0xbf, 0xe6, 0x89, 0xe4, 0x49, 0x3f,
    0xc9, 0x12, 0x48, 0x96, 0x7b, 0x80,

    /* U+63D2 "插" */
    0x40, 0x24, 0x7c, 0x40, 0x8f, 0xff, 0x40, 0x84,
    0x28, 0x44, 0xf7, 0x89, 0xc8, 0x94, 0xef, 0x48,
    0x94, 0xff, 0xc8, 0x10,

    /* U+63DB "換" */
    0x21, 0x0, 0x87, 0x82, 0x24, 0x1c, 0xfc, 0x24,
    0x8, 0x8b, 0xa2, 0x32, 0x9c, 0x94, 0xa2, 0x88,
    0x9f, 0xe2, 0xc, 0x8, 0x48, 0x6e, 0x1c,

    /* U+6557 "敗" */
    0x1, 0xf, 0x90, 0x89, 0xf, 0x9f, 0x8a, 0x28,
    0xd2, 0xfd, 0x28, 0x94, 0x88, 0xc7, 0x8, 0x58,
    0xc8, 0x92, 0x86, 0x10,

    /* U+65B0 "新" */
    0x20, 0x1, 0xf, 0xed, 0x4, 0x90, 0x49, 0xf,
    0xdf, 0x11, 0x2f, 0xd2, 0x12, 0x25, 0xa2, 0x96,
    0x21, 0x22, 0x64, 0x20,

    /* U+65E0 "无" */
    0x7f, 0xe0, 0x40, 0x4, 0x0, 0x40, 0xfd, 0xf0,
    0x60, 0xa, 0x0, 0xa0, 0xa, 0x1, 0x21, 0x22,
    0x1c, 0x1f,

    /* U+65F6 "时" */
    0x0, 0x27, 0x2, 0x88, 0x28, 0xff, 0x88, 0x2f,
    0xa2, 0x8a, 0x28, 0x92, 0x88, 0xa8, 0x82, 0xf0,
    0x28, 0x2, 0x1, 0xc0,

    /* U+6642 "時" */
    0x0, 0x8f, 0x8, 0x97, 0xf9, 0x8, 0x90, 0x8f,
    0xf7, 0x90, 0x29, 0xff, 0x94, 0x2f, 0x22, 0x81,
    0x20, 0x2, 0x1, 0xc0,

    /* U+66F4 "更" */
    0xff, 0xf0, 0x20, 0x7f, 0xe4, 0x22, 0x7f, 0xe4,
    0x22, 0x42, 0x23, 0xdc, 0x24, 0x1, 0x80, 0x16,
    0xe, 0x1f,

    /* U+66FF "替" */
    0x20, 0x8f, 0xbf, 0x20, 0x82, 0x8, 0xfb, 0xf3,
    0x14, 0x4a, 0x3b, 0xfc, 0x20, 0x43, 0xfc, 0x20,
    0x42, 0x4, 0x3f, 0xc0,

    /* U+6700 "最" */
    0x7f, 0xe7, 0xfe, 0x40, 0x23, 0xfe, 0x0, 0xf,
    0xff, 0x7f, 0xe4, 0x51, 0x79, 0x24, 0x4c, 0xf8,
    0xc0, 0x73,

    /* U+6709 "有" */
    0x8, 0x0, 0x80, 0xff, 0xf1, 0x0, 0x10, 0x2,
    0xfe, 0x50, 0x29, 0xfc, 0x10, 0x21, 0xfe, 0x10,
    0x21, 0x2, 0x11, 0xc0,

    /* U+670B "朋" */
    0x79, 0xe9, 0x25, 0x24, 0xbc, 0xf4, 0x92, 0x92,
    0x5e, 0x7a, 0x49, 0x8a, 0x31, 0x46, 0x28, 0xce,
    0x30,

    /* U+670D "服" */
    0xfb, 0xf8, 0xa1, 0x8a, 0x17, 0x26, 0x8a, 0xe8,
    0xb1, 0xfb, 0x18, 0xaa, 0x8a, 0xa8, 0xa4, 0x8a,
    0xab, 0x31,

    /* U+671F "期" */
    0x45, 0xff, 0xd1, 0x45, 0x17, 0x9f, 0x45, 0x17,
    0xd1, 0x45, 0xf4, 0x51, 0xff, 0x14, 0x91, 0x4a,
    0x18, 0x67,

    /* U+672C "本" */
    0x4, 0x0, 0x40, 0x4, 0xf, 0xff, 0xd, 0x0,
    0xd0, 0x14, 0x81, 0x48, 0x24, 0x47, 0xfe, 0x84,
    0x10, 0x40, 0x4, 0x0,

    /* U+673A "机" */
    0x10, 0x0, 0x47, 0xc1, 0x11, 0x1f, 0x44, 0x11,
    0x10, 0x44, 0x43, 0x91, 0xd, 0x44, 0x51, 0x13,
    0x48, 0x41, 0x21, 0x44, 0x85, 0x14, 0x18,

    /* U+67E5 "查" */
    0x4, 0x0, 0x40, 0xff, 0xf0, 0xd0, 0x14, 0x86,
    0x46, 0x9f, 0x92, 0x4, 0x3f, 0xc2, 0x4, 0x3f,
    0xc0, 0x0, 0xff, 0xf0,

    /* U+68C0 "检" */
    0x20, 0x82, 0x10, 0x22, 0x8f, 0x24, 0x47, 0xe7,
    0x81, 0x51, 0x1a, 0x52, 0xa5, 0x2a, 0x4a, 0x20,
    0x42, 0x4, 0x2f, 0xb0,

    /* U+691C "検" */
    0x10, 0x40, 0x42, 0x81, 0x11, 0x1f, 0xef, 0x10,
    0x40, 0xc1, 0x3, 0x7f, 0x97, 0x12, 0x57, 0xfb,
    0x41, 0x1, 0xa, 0x4, 0x4c, 0x16, 0xc,

    /* U+6A21 "模" */
    0x42, 0x44, 0xff, 0x42, 0x4f, 0x7e, 0x48, 0x16,
    0xff, 0x58, 0x1d, 0x7e, 0xc1, 0xc, 0xff, 0x41,
    0x84, 0x24, 0x5c, 0x30,

    /* U+6A5F "機" */
    0x20, 0x81, 0x15, 0x9, 0x6a, 0xfd, 0xe2, 0x2a,
    0x93, 0xfc, 0xe6, 0x8f, 0xff, 0x64, 0x55, 0x12,
    0x89, 0x48, 0x50, 0xd2, 0x99, 0x80,

    /* U+6AA2 "檢" */
    0x41, 0x4, 0x18, 0x42, 0x6f, 0xfd, 0x40, 0x6,
    0xee, 0x69, 0x9d, 0x99, 0xce, 0xec, 0x44, 0x44,
    0x44, 0xaa, 0x51, 0x10,

    /* U+6B63 "正" */
    0xff, 0xf0, 0x20, 0x2, 0x0, 0x20, 0x22, 0x2,
    0x3e, 0x22, 0x2, 0x20, 0x22, 0x2, 0x20, 0xff,
    0xf0,

    /* U+6CD5 "法" */
    0x81, 0x6, 0x10, 0x1, 0x0, 0xfe, 0x81, 0x6,
    0x10, 0xf, 0xf0, 0x10, 0x22, 0x2, 0x24, 0x44,
    0x24, 0xfe, 0x80, 0x10,

    /* U+6D3B "活" */
    0x80, 0x36, 0xfc, 0x1, 0x0, 0x10, 0x9f, 0xf6,
    0x10, 0x1, 0x0, 0x10, 0x2e, 0xe2, 0x82, 0x48,
    0x24, 0x82, 0x8f, 0xe0,

    /* U+6D41 "流" */
    0x81, 0x4, 0x10, 0x3f, 0xf0, 0x24, 0x84, 0x24,
    0xfe, 0x0, 0x10, 0x92, 0x29, 0x22, 0x92, 0x49,
    0x34, 0x93, 0x90, 0x30,

    /* U+6D4B "测" */
    0x80, 0x15, 0xf1, 0x31, 0x51, 0x55, 0x95, 0x55,
    0x55, 0x15, 0x51, 0x55, 0x35, 0x55, 0x55, 0x46,
    0x18, 0x91, 0x91, 0x70,

    /* U+6D4F "浏" */
    0x0, 0x1c, 0x41, 0x24, 0x51, 0xb5, 0x2, 0x59,
    0xa5, 0x4a, 0x50, 0x45, 0x24, 0x54, 0x65, 0x49,
    0x19, 0x1, 0x90, 0x70,

    /* U+6E2C "測" */
    0x80, 0x15, 0xe1, 0x31, 0x91, 0xf9, 0x91, 0x95,
    0x19, 0x1e, 0x91, 0x19, 0x31, 0x95, 0xe9, 0x4a,
    0x19, 0x11, 0xa0, 0x70,

    /* U+6E80 "満" */
    0x84, 0x46, 0x44, 0x1f, 0xf0, 0x44, 0x9e, 0xf6,
    0x10, 0xf, 0xe1, 0x11, 0x35, 0x55, 0x55, 0x57,
    0xd9, 0x45, 0x90, 0x70,

    /* U+6E90 "源" */
    0xcf, 0xf2, 0x88, 0xf, 0xf8, 0xc1, 0x4f, 0xf0,
    0xc1, 0x17, 0x73, 0x8, 0x52, 0xa5, 0x49, 0xa8,
    0x9a, 0x38,

    /* U+6EE1 "满" */
    0x2, 0x4d, 0xff, 0x22, 0x40, 0x0, 0x1f, 0xfc,
    0x28, 0x1f, 0xf1, 0x29, 0x32, 0x95, 0x5d, 0x59,
    0x39, 0x1, 0x90, 0x70,

    /* U+6EFF "滿" */
    0x84, 0x46, 0x44, 0x1f, 0xf0, 0x44, 0x83, 0x84,
    0xfe, 0x11, 0x11, 0x55, 0x35, 0x55, 0x77, 0x5b,
    0xb9, 0x11, 0x91, 0x70,

    /* U+6FC0 "激" */
    0x88, 0x82, 0x44, 0x15, 0xa0, 0x25, 0xe9, 0xe9,
    0x2b, 0xc8, 0x26, 0x87, 0xcc, 0x48, 0x62, 0x72,
    0x24, 0x99, 0x25, 0x4a, 0xd1, 0x80,

    /* U+700F "瀏" */
    0x8, 0x1d, 0x39, 0x5a, 0xd1, 0xad, 0x15, 0x58,
    0x65, 0x49, 0x53, 0xed, 0x44, 0x55, 0xf5, 0x55,
    0x18, 0xf9, 0xb0, 0x70,

    /* U+70B9 "点" */
    0x4, 0x0, 0x40, 0x3, 0xf0, 0x40, 0x3f, 0xc4,
    0x2, 0x40, 0x24, 0x2, 0x7f, 0xe0, 0x0, 0x49,
    0x24, 0x91, 0x88, 0x90,

    /* U+70ED "热" */
    0x21, 0x1, 0x8, 0x3f, 0xf8, 0x42, 0x42, 0x12,
    0x1e, 0x93, 0x8c, 0x84, 0x54, 0x24, 0x2b, 0x40,
    0x92, 0x48, 0x92, 0x28, 0x91, 0x0,

    /* U+7121 "無" */
    0x10, 0x2, 0x0, 0x7f, 0xfa, 0x94, 0xa9, 0x4f,
    0xff, 0x29, 0x42, 0x94, 0x29, 0x4d, 0x6b, 0x49,
    0x24, 0x91, 0x89, 0x10,

    /* U+7248 "版" */
    0x8, 0xa, 0x4f, 0x92, 0x40, 0x92, 0x3, 0xd7,
    0x20, 0xc5, 0x6, 0x27, 0x32, 0x49, 0x52, 0x53,
    0x12, 0x88, 0x94, 0xa8, 0xb8, 0x80,

    /* U+72B6 "状" */
    0x10, 0x80, 0x85, 0x14, 0x24, 0x61, 0x13, 0x7f,
    0x88, 0x40, 0x42, 0x2, 0x18, 0x31, 0x46, 0x89,
    0x4, 0x88, 0x24, 0x21, 0x40, 0x80,

    /* U+72C0 "狀" */
    0x11, 0x9, 0x14, 0x91, 0x29, 0x11, 0xff, 0x71,
    0x8, 0x10, 0x8f, 0x18, 0x51, 0x85, 0x24, 0x52,
    0x49, 0x42, 0x98, 0x10,

    /* U+73B0 "现" */
    0xf7, 0xe2, 0x42, 0x25, 0x22, 0x52, 0xf5, 0x22,
    0x52, 0x25, 0x22, 0x5a, 0x29, 0x8f, 0x29, 0x4,
    0x90, 0x86,

    /* U+73FE "現" */
    0xff, 0xf1, 0x20, 0x89, 0xfc, 0x48, 0x2f, 0x7f,
    0x12, 0x8, 0x90, 0x45, 0xfe, 0x72, 0x44, 0x12,
    0x1, 0x12, 0x30, 0xe0,

    /* U+7528 "用" */
    0x7f, 0xe8, 0x45, 0x8, 0xbf, 0xf4, 0x22, 0x84,
    0x50, 0x8b, 0xff, 0x42, 0x28, 0x46, 0x8, 0xc1,
    0x70,

    /* U+7535 "电" */
    0x8, 0x1, 0x3, 0xff, 0x44, 0x28, 0x85, 0xff,
    0xa2, 0x14, 0x42, 0xff, 0xd1, 0x0, 0x20, 0x84,
    0x10, 0x7e,

    /* U+767B "登" */
    0x1, 0x23, 0xe9, 0x9, 0x32, 0x30, 0xa1, 0xfe,
    0x10, 0xb, 0x7f, 0xa2, 0x4, 0x10, 0x20, 0xff,
    0x2, 0x10, 0x9, 0x7, 0xff, 0x80,

    /* U+767C "發" */
    0x1, 0x21, 0xe9, 0x9, 0x32, 0x30, 0xe3, 0x8d,
    0x62, 0x94, 0x14, 0x87, 0x47, 0x23, 0xe1, 0xe0,
    0x81, 0x68, 0x9, 0xc3, 0xb1, 0x0,

    /* U+7684 "的" */
    0x21, 0x2, 0x10, 0x71, 0xe8, 0xa1, 0x8a, 0x18,
    0xc1, 0xf9, 0x18, 0x89, 0x88, 0x58, 0x81, 0x88,
    0x1f, 0x82, 0x80, 0xe0,

    /* U+78BA "確" */
    0x0, 0x8f, 0x8, 0x47, 0x74, 0x59, 0x42, 0x47,
    0x5f, 0x9c, 0x49, 0x3f, 0x94, 0x45, 0x3f, 0x74,
    0x44, 0x44, 0x7, 0xb0,

    /* U+79D2 "秒" */
    0x8, 0x8f, 0x8, 0x20, 0x82, 0x2a, 0xfa, 0x92,
    0x49, 0x34, 0x96, 0x89, 0xa0, 0xaa, 0x4, 0x20,
    0x82, 0x10, 0x2e, 0x0,

    /* U+7A0D "稍" */
    0x10, 0x8e, 0x49, 0x22, 0x92, 0x2a, 0xf7, 0xf2,
    0x41, 0x64, 0x17, 0x7f, 0xa4, 0x1a, 0x7f, 0x24,
    0x12, 0x41, 0x24, 0x70,

    /* U+7B49 "等" */
    0x41, 0x5, 0xf7, 0xa2, 0x89, 0x44, 0x7f, 0xe0,
    0x40, 0x4, 0xf, 0xbf, 0x0, 0x8f, 0xff, 0x10,
    0x80, 0x88, 0x3, 0x80,

    /* U+7B54 "答" */
    0x21, 0x4, 0x10, 0x7e, 0xf9, 0x24, 0x6, 0x0,
    0x90, 0x30, 0xcc, 0xfb, 0x1f, 0x82, 0x4, 0x20,
    0x42, 0x4, 0x3f, 0xc0,

    /* U+7CFB "系" */
    0x7f, 0xe0, 0x80, 0x10, 0x82, 0x30, 0x5c, 0x1,
    0x84, 0x7f, 0xe0, 0x21, 0x12, 0xc2, 0x22, 0xc2,
    0x10, 0xc0,

    /* U+7D1A "級" */
    0x20, 0x2, 0x7e, 0x52, 0x25, 0x24, 0xe2, 0x42,
    0x27, 0x53, 0x1f, 0xb2, 0xa, 0xab, 0x4c, 0xac,
    0x4a, 0x5a, 0x8a, 0x10,

    /* U+7D42 "終" */
    0x21, 0x2, 0x10, 0x42, 0xe5, 0x62, 0xe9, 0x42,
    0x8, 0x51, 0x4f, 0x73, 0x8, 0x8b, 0x4, 0xb6,
    0xb, 0x1c, 0x80, 0x20,

    /* U+7D44 "組" */
    0x20, 0x2, 0x3e, 0x42, 0x15, 0x21, 0xe3, 0xf3,
    0x21, 0x4a, 0x1f, 0xa1, 0xb, 0xeb, 0x21, 0xaa,
    0x1a, 0xa1, 0x87, 0xf0,

    /* U+7D61 "絡" */
    0x21, 0x2, 0x10, 0x42, 0xf5, 0x22, 0xe5, 0x42,
    0x8, 0x51, 0x6f, 0x61, 0xb, 0xfb, 0x21, 0xb2,
    0x1a, 0xa1, 0x83, 0xf0,

    /* U+7D71 "統" */
    0x21, 0x2, 0x10, 0x47, 0xf5, 0x14, 0xe2, 0x22,
    0x5e, 0x56, 0x1f, 0x24, 0xa, 0x4d, 0x24, 0xb2,
    0x5b, 0x45, 0x88, 0x70,

    /* U+7D9A "続" */
    0x20, 0x84, 0x8, 0x47, 0xf9, 0x8, 0xa7, 0x74,
    0x3e, 0x54, 0x1f, 0x55, 0x1, 0x4d, 0x24, 0xb2,
    0x4a, 0xc5, 0x88, 0x70,

    /* U+7DB2 "網" */
    0x20, 0x2, 0x7f, 0x45, 0x55, 0x55, 0xe7, 0x72,
    0x49, 0x54, 0x9f, 0x77, 0x9, 0x1d, 0x5f, 0xb4,
    0x1b, 0x41, 0x84, 0x30,

    /* U+7DDA "線" */
    0x20, 0x82, 0x8, 0x47, 0x79, 0x41, 0xe7, 0xf2,
    0x41, 0x57, 0xff, 0x9, 0x17, 0xad, 0x2c, 0xb2,
    0xab, 0x49, 0x8b, 0x80,

    /* U+7EA7 "级" */
    0x20, 0x2, 0x7e, 0x42, 0x45, 0x24, 0x92, 0x4e,
    0x27, 0x22, 0x15, 0xb2, 0xe4, 0xa0, 0x4c, 0x3c,
    0xcc, 0x92, 0xe, 0x10,

    /* U+7EC4 "组" */
    0x20, 0x2, 0x3e, 0x22, 0x24, 0xa2, 0x93, 0xee,
    0x22, 0x22, 0x24, 0x22, 0xfb, 0xe0, 0x22, 0x1a,
    0x2e, 0x22, 0xf, 0xf0,

    /* U+7EDC "络" */
    0x21, 0x2, 0x3e, 0x42, 0x15, 0x62, 0x99, 0x4e,
    0x8, 0x23, 0x64, 0xc1, 0xf3, 0xf0, 0x21, 0x1a,
    0x1e, 0x3f, 0x2, 0x10,

    /* U+7EDF "统" */
    0x21, 0x2, 0x8, 0x46, 0xf5, 0x10, 0x92, 0x6e,
    0x22, 0x27, 0xd4, 0x24, 0xf2, 0x40, 0x24, 0x12,
    0x5e, 0x45, 0x18, 0x70,

    /* U+7F51 "网" */
    0xff, 0xf8, 0x1, 0x84, 0x5a, 0xa9, 0x99, 0x98,
    0x89, 0x88, 0x99, 0x55, 0xa6, 0x5e, 0x61, 0x80,
    0x18, 0x7,

    /* U+8046 "聆" */
    0x0, 0x8f, 0x88, 0x91, 0x49, 0x22, 0xf3, 0x29,
    0x49, 0x90, 0xf, 0x3e, 0x90, 0x29, 0x84, 0xf3,
    0x81, 0x8, 0x10, 0x40,

    /* U+807D "聽" */
    0x0, 0x8f, 0xff, 0x88, 0x8f, 0xff, 0xfd, 0x58,
    0xd5, 0xf7, 0xf0, 0xef, 0xe9, 0xe, 0x8a, 0x4d,
    0x5e, 0x93, 0x9, 0xe0,

    /* U+80FD "能" */
    0x21, 0x5, 0x11, 0x49, 0xef, 0xd0, 0x1, 0x17,
    0x91, 0x88, 0xe7, 0x90, 0x89, 0x77, 0x98, 0x89,
    0x18, 0x91, 0x99, 0xf0,

    /* U+822A "航" */
    0x21, 0x2, 0x8, 0x78, 0x8a, 0xf7, 0xa8, 0xa,
    0xbe, 0xfa, 0x28, 0xa2, 0xaa, 0x2a, 0xa2, 0x8a,
    0x38, 0xa3, 0xb4, 0x30,

    /* U+884C "行" */
    0x10, 0x0, 0x9f, 0xc8, 0x0, 0x90, 0x1, 0x0,
    0xb, 0xfc, 0x80, 0x9a, 0x4, 0x10, 0x20, 0x81,
    0x4, 0x8, 0x20, 0x41, 0xe, 0x0,

    /* U+898B "見" */
    0x7f, 0xe4, 0x2, 0x3f, 0xc4, 0x2, 0x7f, 0xe4,
    0x2, 0x40, 0x23, 0xfc, 0x11, 0x1, 0x11, 0x21,
    0x1c, 0x1f,

    /* U+89BD "覽" */
    0x1, 0xf, 0xdf, 0xfa, 0x4e, 0xdf, 0x92, 0xdf,
    0xdf, 0x3f, 0xc3, 0xfc, 0x20, 0x43, 0xfc, 0x3f,
    0xc1, 0x11, 0xe1, 0xf0,

    /* U+89C8 "览" */
    0x11, 0x5, 0x10, 0x52, 0xf5, 0x28, 0x54, 0x40,
    0x2, 0x3f, 0xc2, 0x44, 0x24, 0x42, 0x64, 0x6,
    0x1, 0xa1, 0xe1, 0xf0,

    /* U+8A0A "訊" */
    0x40, 0x2, 0x7e, 0x1, 0x2f, 0x92, 0xf1, 0x20,
    0x12, 0xf7, 0xe0, 0x12, 0xf1, 0x29, 0x12, 0x91,
    0x3f, 0x13, 0x81, 0x10,

    /* U+8A2A "訪" */
    0x40, 0x82, 0x8, 0x0, 0x8f, 0xf7, 0xf1, 0x0,
    0x10, 0xf1, 0xf0, 0x21, 0xf2, 0x19, 0x22, 0x92,
    0x2f, 0x42, 0x88, 0xe0,

    /* U+8A2D "設" */
    0x40, 0x2, 0x3e, 0x2, 0x2f, 0xa2, 0xf2, 0x20,
    0x41, 0xf3, 0xc0, 0x42, 0xf2, 0x28, 0x94, 0x88,
    0x8f, 0xb4, 0x8c, 0x30,

    /* U+8A66 "試" */
    0x40, 0x42, 0x6, 0x0, 0x5f, 0x7f, 0xf0, 0x40,
    0x4, 0xff, 0xc0, 0x24, 0xf2, 0x49, 0x24, 0x93,
    0xbf, 0xc3, 0x80, 0x10,

    /* U+8A71 "話" */
    0x40, 0x32, 0x3c, 0x4, 0x8f, 0x88, 0xf0, 0x80,
    0x7f, 0xf0, 0x80, 0x8, 0xf7, 0x79, 0x41, 0x94,
    0x1f, 0x41, 0x87, 0xf0,

    /* U+8A8D "認" */
    0x40, 0x2, 0x7f, 0x2, 0x9f, 0xc9, 0xf5, 0x10,
    0x11, 0xf6, 0x60, 0x10, 0xf6, 0xa9, 0x69, 0x96,
    0x3f, 0xa3, 0x81, 0xe0,

    /* U+8AA4 "誤" */
    0x40, 0x2, 0x3e, 0x4, 0x1f, 0x41, 0xf3, 0xe0,
    0x0, 0xf7, 0xf0, 0x8, 0xf7, 0xf9, 0x8, 0x91,
    0x4f, 0x26, 0x8c, 0x10,

    /* U+8AAA "說" */
    0x42, 0x42, 0x22, 0x2, 0x2f, 0x41, 0xfb, 0xe0,
    0x41, 0xf4, 0x10, 0x3e, 0xf1, 0x49, 0x14, 0x92,
    0x4f, 0x25, 0x8c, 0x70,

    /* U+8AAD "読" */
    0x40, 0x82, 0x8, 0x7, 0xff, 0x8, 0xf7, 0x70,
    0x3e, 0xf4, 0x10, 0x65, 0xf2, 0x49, 0x24, 0x92,
    0x4f, 0x45, 0x88, 0x70,

    /* U+8ACB "請" */
    0x40, 0x82, 0x7f, 0x0, 0x8f, 0xff, 0xf7, 0xf0,
    0x0, 0xf3, 0xe0, 0x21, 0xf3, 0xe9, 0x21, 0x93,
    0xff, 0x21, 0x82, 0x60,

    /* U+8B66 "警" */
    0x48, 0x8f, 0xdd, 0x59, 0x2e, 0x6a, 0x94, 0xc7,
    0xd3, 0x2, 0xf, 0xdf, 0x3f, 0xc3, 0xfc, 0x1f,
    0x82, 0x4, 0x3f, 0xc0,

    /* U+8BBE "设" */
    0x43, 0xc2, 0x24, 0x2, 0x40, 0x44, 0xe8, 0x32,
    0xbc, 0x24, 0x22, 0x42, 0x22, 0x42, 0x98, 0x33,
    0xc4, 0xc3,

    /* U+8BBF "访" */
    0x1, 0x6, 0x8, 0x20, 0x80, 0xf7, 0x2, 0xe,
    0x20, 0x23, 0xe2, 0x22, 0x22, 0x22, 0x22, 0x3c,
    0x26, 0x42, 0x8, 0xc0,

    /* U+8BD5 "试" */
    0x0, 0x84, 0xa, 0x20, 0x90, 0xff, 0x0, 0x8e,
    0x4, 0x2f, 0x42, 0x24, 0x22, 0x42, 0x24, 0x33,
    0x52, 0xc3, 0x40, 0x30,

    /* U+8BDD "话" */
    0x0, 0x24, 0xfc, 0x20, 0x80, 0x8, 0x0, 0x8e,
    0xff, 0x20, 0x82, 0x8, 0x27, 0x72, 0x41, 0x34,
    0x12, 0x41, 0x47, 0xf0,

    /* U+8BEF "误" */
    0x47, 0xe2, 0x41, 0x4, 0x10, 0x7e, 0xe0, 0x2,
    0x7f, 0x20, 0x82, 0xf7, 0x21, 0x83, 0x98, 0x62,
    0x40, 0xc3,

    /* U+8BF4 "说" */
    0x4, 0x24, 0x24, 0x22, 0x40, 0xfe, 0x8, 0x2e,
    0x82, 0x28, 0x22, 0x7c, 0x22, 0x82, 0x28, 0x3a,
    0x96, 0x49, 0x18, 0x70,

    /* U+8BF7 "请" */
    0x0, 0x84, 0xff, 0x20, 0x80, 0x7f, 0x0, 0x8e,
    0xf7, 0x27, 0xe2, 0x42, 0x27, 0xe2, 0x42, 0x3f,
    0xe2, 0x42, 0x44, 0x60,

    /* U+8CC7 "資" */
    0x2, 0x6, 0x7f, 0x19, 0x23, 0x28, 0xc4, 0x63,
    0xff, 0x40, 0x27, 0xfe, 0x7f, 0xe4, 0x2, 0x3f,
    0xe1, 0xc, 0xe0, 0x30,

    /* U+8D25 "败" */
    0x1, 0xf, 0x90, 0x89, 0xa, 0x9f, 0xaa, 0x2a,
    0xa2, 0xad, 0x2a, 0x94, 0xa8, 0xc2, 0x8, 0x50,
    0xc4, 0x92, 0x8e, 0x10,

    /* U+8D44 "资" */
    0x2, 0xc, 0x6e, 0x39, 0x10, 0x92, 0x32, 0x8d,
    0xc7, 0x0, 0x3, 0xfe, 0x22, 0x22, 0x42, 0x27,
    0x21, 0x8c, 0xe0, 0x30,

    /* U+8D85 "超" */
    0x20, 0x2, 0x3f, 0xf8, 0x92, 0x11, 0x21, 0x1f,
    0xe6, 0x23, 0xfb, 0xe1, 0xa2, 0x1a, 0x21, 0xe3,
    0xfb, 0x0, 0x8f, 0xf0,

    /* U+8DB3 "足" */
    0x7f, 0xe4, 0x2, 0x40, 0x24, 0x2, 0x7f, 0xe0,
    0x20, 0x22, 0x2, 0x3e, 0x22, 0x5, 0x20, 0x4a,
    0x8, 0x7f,

    /* U+8DEF "路" */
    0x1, 0x7, 0xc8, 0x22, 0xb9, 0x14, 0x4d, 0xd4,
    0x10, 0x40, 0x85, 0x17, 0x44, 0xa7, 0xfd, 0x10,
    0xaa, 0x85, 0xe4, 0x20, 0x3f, 0x0,

    /* U+8F09 "載" */
    0x11, 0x4f, 0xf2, 0x11, 0x1f, 0xff, 0x11, 0xf,
    0xf1, 0x7c, 0xa9, 0x2a, 0x7c, 0xcf, 0xe8, 0x10,
    0x9f, 0xf5, 0x12, 0x30,

    /* U+8F7D "载" */
    0x11, 0x7, 0xf6, 0x10, 0x9d, 0xff, 0x20, 0x82,
    0x9, 0xfe, 0xa4, 0x8a, 0x7e, 0xc0, 0x84, 0x3e,
    0x9c, 0x95, 0xa, 0x30,

    /* U+8FBC "込" */
    0xc2, 0x2, 0x10, 0x1, 0x0, 0x18, 0x2, 0x8e,
    0x28, 0x22, 0x42, 0x44, 0x28, 0x27, 0x1, 0x9f,
    0xf0,

    /* U+8FDB "进" */
    0xc2, 0x42, 0x24, 0xf, 0xf0, 0x24, 0xc2, 0x42,
    0xff, 0x22, 0x42, 0x44, 0x24, 0x46, 0x84, 0x90,
    0x8, 0xff,

    /* U+8FDE "连" */
    0x82, 0x2, 0x10, 0xb, 0xfc, 0x9, 0x0, 0x48,
    0x67, 0xf1, 0x2, 0x8, 0x10, 0x5f, 0xf2, 0x4,
    0x10, 0x21, 0x61, 0x8, 0xff, 0x80,

    /* U+9001 "送" */
    0x84, 0x22, 0x22, 0x8, 0x90, 0x1f, 0xe0, 0x10,
    0x60, 0x81, 0x7f, 0xc8, 0x30, 0x42, 0x42, 0x11,
    0x13, 0xd, 0x60, 0x8, 0xff, 0x80,

    /* U+9023 "連" */
    0x81, 0x2, 0x8, 0x17, 0xfc, 0x4f, 0x80, 0x92,
    0x67, 0xf1, 0x24, 0x89, 0xfc, 0x41, 0x2, 0xff,
    0x90, 0x41, 0x62, 0x8, 0xff, 0x80,

    /* U+9054 "達" */
    0x1, 0x8, 0xfe, 0x41, 0x3, 0xff, 0x4, 0x40,
    0xef, 0xc1, 0x4, 0xfe, 0x41, 0x5, 0xff, 0x61,
    0x9, 0x0, 0x8f, 0xf0,

    /* U+914D "配" */
    0xfd, 0xf3, 0x1, 0xfc, 0x1b, 0x41, 0xb5, 0xfb,
    0x51, 0xcd, 0x8, 0x50, 0xfd, 0x8, 0x51, 0xfd,
    0x18, 0x5f,

    /* U+91CD "重" */
    0x0, 0x67, 0xf8, 0x4, 0xf, 0xff, 0x7f, 0xe4,
    0x42, 0x7f, 0xe4, 0x42, 0x7f, 0xe0, 0x40, 0x7f,
    0xe0, 0x40, 0xff, 0xf0,

    /* U+91CF "量" */
    0x7f, 0xe3, 0xfc, 0x7f, 0xe0, 0x0, 0xff, 0xf7,
    0xfe, 0x7f, 0xe4, 0x42, 0x7f, 0xe7, 0xfe, 0x4,
    0xf, 0xff,

    /* U+932F "錯" */
    0x21, 0x22, 0x12, 0x57, 0xf8, 0x92, 0x71, 0x22,
    0x7f, 0xf8, 0x2, 0x3e, 0xb2, 0x1b, 0x3e, 0xb2,
    0x17, 0xa1, 0x83, 0xf0,

    /* U+9519 "错" */
    0x41, 0x44, 0x14, 0x7f, 0xf8, 0x14, 0xd1, 0x42,
    0x7f, 0x20, 0xf, 0xbe, 0x24, 0x12, 0x3e, 0x24,
    0x13, 0xc1, 0x47, 0xf0,

    /* U+9589 "閉" */
    0xfb, 0xf8, 0xa1, 0xf9, 0xf8, 0xa1, 0xf9, 0xf8,
    0x21, 0xbf, 0xd8, 0x21, 0x86, 0x19, 0xa1, 0xa2,
    0x18, 0x67,

    /* U+958B "開" */
    0xfb, 0xf8, 0xa1, 0xfb, 0xf8, 0xa1, 0xf9, 0xfb,
    0x6d, 0x89, 0x18, 0x91, 0xbf, 0xd8, 0x91, 0x91,
    0x1a, 0x17,

    /* U+9593 "間" */
    0xfb, 0xf8, 0xa1, 0xf9, 0xf8, 0xa1, 0xf9, 0xf8,
    0x1, 0x9f, 0x99, 0x9, 0x9f, 0x99, 0x9, 0x9f,
    0x98, 0x7,

    /* U+95DC "關" */
    0xfb, 0xf8, 0xa1, 0xfb, 0xfe, 0xaf, 0x91, 0x1a,
    0xa9, 0x99, 0x9b, 0xfd, 0xa6, 0x9a, 0x69, 0x9b,
    0x99, 0x27,

    /* U+95ED "闭" */
    0x4f, 0xe4, 0x6, 0x4, 0xc0, 0x9b, 0xff, 0x6,
    0x61, 0x4c, 0x49, 0xb1, 0x30, 0x26, 0x18, 0xc0,
    0x30,

    /* U+95EE "问" */
    0x4f, 0xe4, 0x6, 0x0, 0xc7, 0x99, 0xb, 0x21,
    0x64, 0x2c, 0x85, 0x8f, 0x32, 0x6, 0x0, 0xc0,
    0x30,

    /* U+96FB "電" */
    0x7f, 0xe7, 0xfe, 0x84, 0x1b, 0xdd, 0x7d, 0xe0,
    0x40, 0x7f, 0xe4, 0x42, 0x7f, 0xe7, 0xff, 0x44,
    0x10, 0x3f,

    /* U+9759 "静" */
    0x20, 0x87, 0xee, 0x8, 0x49, 0xf4, 0x82, 0x3f,
    0x6e, 0x49, 0xef, 0xf1, 0x12, 0x78, 0x94, 0x5f,
    0xbe, 0x21, 0x11, 0x9, 0xb8, 0x0,

    /* U+975C "靜" */
    0x20, 0x3f, 0xfc, 0x22, 0x9f, 0xa9, 0x22, 0x2d,
    0xdd, 0x78, 0x98, 0xff, 0x78, 0x98, 0xbf, 0xf8,
    0x88, 0x88, 0x9b, 0x80,

    /* U+97F3 "音" */
    0x4, 0x6, 0xfa, 0x10, 0x41, 0x8, 0x10, 0x8f,
    0xff, 0x0, 0x3, 0xfc, 0x20, 0x43, 0xfc, 0x20,
    0x42, 0x4, 0x3f, 0xc0,

    /* U+97FF "響" */
    0x44, 0x5, 0xf7, 0xef, 0x55, 0x97, 0xaf, 0x54,
    0xf7, 0xef, 0x61, 0x8, 0xff, 0xf1, 0xf8, 0x20,
    0x43, 0xfc, 0x3f, 0xc0,

    /* U+98DB "飛" */
    0x7f, 0x90, 0xca, 0x74, 0xea, 0x45, 0x24, 0x5f,
    0xfb, 0x24, 0x92, 0x4a, 0x44, 0x64, 0x45, 0x84,
    0x58, 0x43,

    /* U+98DE "飞" */
    0xff, 0x0, 0x11, 0x1, 0x20, 0x14, 0x0, 0x80,
    0xc, 0x0, 0xb0, 0x8, 0x0, 0x90, 0x9, 0x0,
    0x50, 0x3,

    /* U+AC00 "가" */
    0x0, 0x8f, 0x90, 0x12, 0x2, 0x40, 0x48, 0x11,
    0xc4, 0x21, 0x4, 0x40, 0x90, 0x10, 0x2, 0x0,
    0x40,

    /* U+AC04 "간" */
    0xf8, 0x40, 0x88, 0x11, 0x4, 0x30, 0x84, 0x60,
    0xb0, 0x10, 0x2, 0x20, 0x44, 0x0, 0x80, 0x1f,
    0xe0,

    /* U+AC10 "감" */
    0xfc, 0x40, 0x88, 0x11, 0x4, 0x31, 0x4, 0xc0,
    0xa0, 0x11, 0xfc, 0x40, 0x48, 0x9, 0x1, 0x1f,
    0xc0,

    /* U+AC70 "거" */
    0x0, 0x7f, 0x10, 0x44, 0x11, 0xb, 0xc2, 0x11,
    0x4, 0x81, 0xc0, 0x40, 0x10, 0x4, 0x1,

    /* U+ACAC "견" */
    0x78, 0x41, 0x10, 0x7c, 0x11, 0x8, 0x4c, 0xfc,
    0x4, 0x1, 0x20, 0x48, 0x2, 0x0, 0xff,

    /* U+ACB0 "결" */
    0x7c, 0x41, 0xf0, 0x44, 0x21, 0x13, 0xf8, 0x13,
    0xf8, 0x1, 0x0, 0x4f, 0xe2, 0x0, 0xff,

    /* U+ACBD "경" */
    0x78, 0x41, 0x10, 0x7c, 0x21, 0xb, 0xcc, 0x1c,
    0x4, 0x3c, 0x30, 0xc8, 0x12, 0x4, 0x7e,

    /* U+ACE0 "고" */
    0x7f, 0xc0, 0x8, 0x1, 0x0, 0x20, 0x84, 0x11,
    0x2, 0x20, 0x40, 0xff, 0xe0,

    /* U+ACF5 "공" */
    0x7f, 0xc0, 0x8, 0x1, 0x2, 0x20, 0x49, 0xff,
    0xc0, 0x0, 0xf8, 0x20, 0x88, 0x9, 0x1, 0x1f,
    0xc0,

    /* U+ACFC "과" */
    0x0, 0x9f, 0xd0, 0xa, 0x1, 0x40, 0x28, 0x49,
    0xc8, 0x21, 0x4, 0xff, 0x80, 0x10, 0x2, 0x0,
    0x40,

    /* U+AD6C "구" */
    0x7f, 0x80, 0x8, 0x1, 0x0, 0x20, 0x8, 0x1,
    0x3f, 0xd8, 0x20, 0x4, 0x0, 0x80, 0x10, 0x2,
    0x0,

    /* U+ADF8 "그" */
    0x7f, 0x80, 0x8, 0x1, 0x0, 0x20, 0x8, 0x1,
    0x0, 0x20, 0x0, 0xff, 0xe0,

    /* U+AE30 "기" */
    0x0, 0x5f, 0x10, 0x44, 0x11, 0x4, 0x42, 0x11,
    0x4, 0x81, 0x40, 0x60, 0x10, 0x4, 0x1,

    /* U+AEBC "꺼" */
    0x0, 0x7f, 0x91, 0x24, 0x49, 0x23, 0xc9, 0x14,
    0x45, 0x11, 0x88, 0x44, 0x10, 0x4, 0x1,

    /* U+B044 "끄" */
    0x7b, 0xc1, 0x8, 0x21, 0x4, 0x20, 0x84, 0x21,
    0x4, 0x20, 0x0, 0xff, 0xe0,

    /* U+B098 "나" */
    0x0, 0x90, 0x12, 0x2, 0x40, 0x48, 0xf, 0x1,
    0x20, 0x24, 0x4, 0xfe, 0x80, 0x10, 0x2, 0x0,
    0x40,

    /* U+B124 "네" */
    0x1, 0x60, 0x58, 0x16, 0x5, 0x8f, 0x60, 0x58,
    0x16, 0x5, 0xfd, 0x40, 0x50, 0x14, 0x1,

    /* U+B155 "녕" */
    0x80, 0xc7, 0xe0, 0x31, 0xf8, 0xf, 0xe4, 0x2,
    0x3c, 0x61, 0xa0, 0x50, 0x27, 0xe0,

    /* U+B294 "는" */
    0x40, 0x8, 0x1, 0x0, 0x3f, 0xe0, 0x0, 0x0,
    0x3f, 0xf8, 0x0, 0x40, 0x8, 0x1, 0x0, 0x3f,
    0xe0,

    /* U+B2A5 "능" */
    0x40, 0x8, 0x1, 0x0, 0x3f, 0xe0, 0x1, 0xff,
    0xc0, 0x0, 0xf8, 0x20, 0x88, 0x9, 0x3, 0x1f,
    0x80,

    /* U+B2C8 "니" */
    0x0, 0xc0, 0x60, 0x30, 0x18, 0xc, 0x6, 0x3,
    0x5, 0xfc, 0x80, 0x40, 0x20, 0x10,

    /* U+B2E4 "다" */
    0x0, 0x9f, 0x92, 0x2, 0x40, 0x48, 0xf, 0x1,
    0x20, 0x24, 0x4, 0xfe, 0x80, 0x10, 0x2, 0x0,
    0x40,

    /* U+B2F5 "답" */
    0xfc, 0x50, 0xa, 0x1, 0xc0, 0x28, 0x5, 0xfc,
    0x80, 0x1, 0x2, 0x3f, 0xc4, 0x8, 0x81, 0x1f,
    0xc0,

    /* U+B300 "대" */
    0x1, 0x7e, 0x58, 0x16, 0x5, 0x81, 0xe0, 0x58,
    0x16, 0x5, 0xfd, 0x40, 0x50, 0x14, 0x1,

    /* U+B380 "뎀" */
    0xf9, 0x60, 0x58, 0xf6, 0x5, 0x81, 0x7f, 0x50,
    0x14, 0xff, 0x20, 0x48, 0x12, 0x4, 0xff,

    /* U+B3C4 "도" */
    0x7f, 0xc8, 0x1, 0x0, 0x20, 0x7, 0xbc, 0x8,
    0x1, 0x0, 0x20, 0xff, 0xe0,

    /* U+B428 "됨" */
    0x7e, 0x50, 0x14, 0x5, 0xb9, 0x10, 0x45, 0xde,
    0x84, 0x0, 0x3f, 0xc8, 0x12, 0x4, 0xff,

    /* U+B4C8 "듈" */
    0x7f, 0xc8, 0x1, 0x0, 0x3f, 0xe0, 0x1, 0xff,
    0xc4, 0x43, 0xfe, 0x0, 0x4f, 0xf9, 0x0, 0x3f,
    0xe0,

    /* U+B4DC "드" */
    0x7f, 0xc8, 0x1, 0x0, 0x20, 0x7, 0xfc, 0x0,
    0x0, 0x0, 0x0, 0xff, 0xe0,

    /* U+B4E3 "듣" */
    0x7f, 0xc8, 0x1, 0x0, 0x3f, 0xe0, 0x1, 0xff,
    0xc0, 0x0, 0x0, 0x7f, 0xc8, 0x1, 0x0, 0x3f,
    0xe0,

    /* U+B529 "딩" */
    0x78, 0xc0, 0x60, 0x30, 0x18, 0xf, 0xf4, 0x2,
    0x7c, 0x41, 0xa0, 0x50, 0x27, 0xe0,

    /* U+B808 "레" */
    0x1, 0x7e, 0x50, 0x94, 0x25, 0xff, 0x60, 0x58,
    0x16, 0x5, 0xfd, 0x40, 0x50, 0x14, 0x1,

    /* U+B824 "려" */
    0x0, 0x7f, 0x10, 0x7c, 0x11, 0xfc, 0x60, 0x18,
    0x3e, 0x1, 0xfe, 0x40, 0x10, 0x4, 0x1,

    /* U+B85C "로" */
    0x7f, 0xc0, 0x8, 0xff, 0x20, 0x4, 0x0, 0xf7,
    0x81, 0x0, 0x20, 0xff, 0xe0,

    /* U+B958 "류" */
    0x7f, 0xc0, 0x9, 0xff, 0x20, 0x4, 0x0, 0x7f,
    0x80, 0x7, 0xff, 0x11, 0x2, 0x20, 0x44, 0x8,
    0x80,

    /* U+B968 "륨" */
    0x7f, 0xc0, 0x9, 0xff, 0x20, 0x7, 0xfc, 0x0,
    0x3f, 0xf8, 0x88, 0x7f, 0xc8, 0x9, 0x1, 0x3f,
    0xe0,

    /* U+B97C "를" */
    0x7f, 0xc0, 0x9, 0xfe, 0x20, 0x3, 0xfd, 0xff,
    0xc0, 0x3, 0xfe, 0x0, 0x4f, 0xf9, 0x0, 0x3f,
    0xe0,

    /* U+B9AC "리" */
    0x0, 0xfc, 0x42, 0x21, 0x1f, 0x8c, 0x6, 0x3,
    0x1, 0xfe, 0x80, 0x40, 0x20, 0x10,

    /* U+B9D0 "말" */
    0xfc, 0x50, 0x8a, 0x11, 0xc2, 0x2f, 0xc4, 0x0,
    0x8f, 0xe0, 0x2, 0x0, 0x47, 0xf0, 0x80, 0x1f,
    0xe0,

    /* U+BAA8 "모" */
    0x7f, 0xc8, 0x9, 0x1, 0x20, 0x24, 0x4, 0x7f,
    0x1, 0x0, 0x20, 0xff, 0xe0,

    /* U+BC1C "발" */
    0x84, 0x50, 0x8b, 0xf1, 0xc2, 0x28, 0x44, 0xf0,
    0x8f, 0xe0, 0x2, 0x0, 0x47, 0xf0, 0x80, 0x1f,
    0xe0,

    /* U+BC30 "배" */
    0x1, 0x62, 0x58, 0x96, 0x25, 0xf9, 0xe2, 0x58,
    0x96, 0x25, 0xf9, 0x40, 0x50, 0x14, 0x1,

    /* U+BC84 "버" */
    0x0, 0x61, 0x18, 0x46, 0x11, 0xff, 0xe1, 0x18,
    0x46, 0x11, 0xfc, 0x40, 0x10, 0x4, 0x1,

    /* U+BCF4 "보" */
    0x40, 0x48, 0x9, 0x1, 0x3f, 0xe4, 0x4, 0x80,
    0x9f, 0xf0, 0x20, 0x4, 0x1f, 0xfc,

    /* U+BCFC "볼" */
    0x40, 0x4f, 0xf9, 0x1, 0x3f, 0xe0, 0x41, 0xff,
    0xc0, 0x3, 0xfe, 0x0, 0x4f, 0xf9, 0x0, 0x3f,
    0xe0,

    /* U+BD80 "부" */
    0x40, 0x48, 0x9, 0xff, 0x20, 0x24, 0x4, 0x7f,
    0x0, 0x7, 0xff, 0x4, 0x0, 0x80, 0x10, 0x2,
    0x0,

    /* U+BE44 "비" */
    0x0, 0xc4, 0x62, 0x31, 0x1f, 0x8c, 0x46, 0x23,
    0x11, 0xf8, 0x80, 0x40, 0x20, 0x10,

    /* U+C0AC "사" */
    0x0, 0x82, 0x10, 0x42, 0x8, 0x41, 0x8, 0x61,
    0xca, 0x22, 0x24, 0x82, 0x80, 0x10, 0x2, 0x0,
    0x40,

    /* U+C0BD "삽" */
    0x10, 0x42, 0x8, 0x41, 0x98, 0x22, 0x85, 0x8c,
    0x80, 0x1, 0x2, 0x20, 0x47, 0xf8, 0x81, 0x1f,
    0xc0,

    /* U+C0C1 "상" */
    0x10, 0x42, 0x8, 0x41, 0x18, 0x32, 0x84, 0x8c,
    0xa0, 0x10, 0x70, 0x31, 0x88, 0x9, 0x2, 0x1f,
    0x80,

    /* U+C0C8 "새" */
    0x1, 0x48, 0x52, 0x14, 0x85, 0x21, 0xcc, 0x53,
    0x15, 0x25, 0x85, 0x40, 0x50, 0x14, 0x1,

    /* U+C11C "서" */
    0x0, 0x44, 0x11, 0x4, 0x41, 0x13, 0xc4, 0x12,
    0x85, 0x11, 0x82, 0x40, 0x10, 0x4, 0x1,

    /* U+C124 "설" */
    0x10, 0x44, 0x11, 0x3c, 0xa1, 0x44, 0x60, 0x90,
    0x0, 0xff, 0x0, 0x4f, 0xe2, 0x0, 0xff,

    /* U+C131 "성" */
    0x10, 0x44, 0x11, 0x3c, 0x41, 0x28, 0x51, 0x98,
    0x4, 0x3c, 0x30, 0xc8, 0x12, 0x4, 0x7e,

    /* U+C138 "세" */
    0x1, 0x48, 0x52, 0x14, 0x85, 0x27, 0x4c, 0x53,
    0x15, 0x25, 0x85, 0x40, 0x50, 0x14, 0x1,

    /* U+C14B "셋" */
    0x21, 0x44, 0x28, 0x9d, 0x18, 0xa3, 0x15, 0x9a,
    0x80, 0x50, 0x12, 0x2, 0x0, 0xc0, 0x26, 0x38,
    0x30,

    /* U+C18C "소" */
    0x4, 0x0, 0x80, 0x10, 0x5, 0x1, 0x10, 0xc1,
    0xa1, 0x0, 0x20, 0x4, 0x1f, 0xfc,

    /* U+C18D "속" */
    0x4, 0x0, 0x80, 0x28, 0x38, 0xc0, 0x44, 0x8,
    0x3e, 0xf8, 0x0, 0x7f, 0xc0, 0x8, 0x1, 0x0,
    0x20,

    /* U+C1A1 "송" */
    0x4, 0x0, 0x80, 0x28, 0x38, 0xc0, 0x44, 0x8,
    0x3e, 0xf8, 0x20, 0x3b, 0x88, 0x9, 0x1, 0x1f,
    0xc0,

    /* U+C218 "수" */
    0x4, 0x0, 0x80, 0x28, 0x8, 0x8e, 0xc, 0x0,
    0x0, 0x7, 0xff, 0x4, 0x0, 0x80, 0x10, 0x2,
    0x0,

    /* U+C2A4 "스" */
    0x4, 0x0, 0x80, 0x28, 0x9, 0x82, 0x9, 0x80,
    0x80, 0x0, 0x0, 0xff, 0xe0,

    /* U+C2B5 "습" */
    0x4, 0x0, 0x80, 0x68, 0x30, 0xe0, 0x1, 0xff,
    0xc0, 0x2, 0x2, 0x40, 0x4f, 0xf9, 0x1, 0x3f,
    0xe0,

    /* U+C2DC "시" */
    0x0, 0x44, 0x11, 0x4, 0x41, 0x10, 0x44, 0x12,
    0x85, 0x11, 0x82, 0x40, 0x10, 0x4, 0x1,

    /* U+C2E4 "실" */
    0x10, 0x44, 0x11, 0x4, 0xa1, 0x44, 0x60, 0x90,
    0x0, 0xff, 0x0, 0x4f, 0xe2, 0x0, 0xff,

    /* U+C548 "안" */
    0x38, 0x48, 0x8a, 0x11, 0x41, 0x38, 0x44, 0x98,
    0x8c, 0x10, 0x2, 0x20, 0x44, 0x0, 0x80, 0x1f,
    0xe0,

    /* U+C5C5 "업" */
    0x78, 0x61, 0x18, 0x7e, 0x11, 0x84, 0x5e, 0x10,
    0x0, 0x81, 0x20, 0x4f, 0xf2, 0x4, 0xff,

    /* U+C5C6 "없" */
    0x78, 0x50, 0x8a, 0x1f, 0x42, 0x28, 0x44, 0xf0,
    0x80, 0x2, 0x24, 0x7c, 0x88, 0x91, 0x15, 0x3d,
    0x10,

    /* U+C5D0 "에" */
    0x1, 0x5c, 0x58, 0x96, 0x25, 0x8f, 0x62, 0x58,
    0x96, 0x25, 0x71, 0x40, 0x50, 0x14, 0x1,

    /* U+C5F0 "연" */
    0x38, 0x51, 0xf8, 0x46, 0x11, 0x87, 0xd3, 0x13,
    0x4, 0x1, 0x20, 0x48, 0x2, 0x0, 0xff,

    /* U+C624 "오" */
    0xe, 0x6, 0x31, 0x1, 0x20, 0x24, 0x4, 0x41,
    0x7, 0xc0, 0x20, 0x4, 0x1f, 0xfc,

    /* U+C644 "완" */
    0x38, 0x88, 0x92, 0xa, 0x21, 0x43, 0xc6, 0x21,
    0x3f, 0xe0, 0x4, 0x20, 0x84, 0x0, 0x80, 0x1f,
    0xe0,

    /* U+C694 "요" */
    0xe, 0x6, 0x31, 0x1, 0x20, 0x24, 0x4, 0x41,
    0x7, 0xc0, 0x88, 0x11, 0x1f, 0xfc,

    /* U+C6A9 "용" */
    0x3f, 0x88, 0x9, 0x1, 0x11, 0x41, 0xd0, 0x22,
    0x3b, 0xb8, 0x70, 0x31, 0x88, 0x9, 0x1, 0x1f,
    0xc0,

    /* U+C6B4 "운" */
    0x3f, 0x88, 0x9, 0x1, 0x30, 0x41, 0xf0, 0x0,
    0x3f, 0xf8, 0x20, 0x44, 0x8, 0x1, 0x0, 0x3f,
    0xe0,

    /* U+C6CC "워" */
    0x3c, 0x50, 0x94, 0x25, 0x9, 0x3c, 0x40, 0x1f,
    0xf4, 0x41, 0x13, 0xc4, 0x11, 0x4, 0x41,

    /* U+C744 "을" */
    0x3f, 0x88, 0x9, 0x1, 0x1f, 0xc0, 0x1, 0xff,
    0xc0, 0x3, 0xfe, 0x0, 0x4f, 0xf9, 0x0, 0x3f,
    0xe0,

    /* U+C74C "음" */
    0x3f, 0x88, 0x9, 0x1, 0x18, 0xc0, 0xe0, 0x0,
    0x3f, 0xf8, 0x0, 0x7f, 0xc8, 0x9, 0x1, 0x3f,
    0xe0,

    /* U+C751 "응" */
    0x3f, 0x88, 0x9, 0x1, 0x10, 0x41, 0xf0, 0x0,
    0x3f, 0xf8, 0x70, 0x31, 0x88, 0x9, 0x1, 0x1f,
    0xc0,

    /* U+C774 "이" */
    0x10, 0x5a, 0x14, 0x46, 0x9, 0x82, 0x60, 0x98,
    0x45, 0x11, 0x38, 0x40, 0x10, 0x4, 0x1,

    /* U+C778 "인" */
    0x38, 0x51, 0x18, 0x46, 0x9, 0x84, 0x53, 0x13,
    0x4, 0x1, 0x20, 0x48, 0x2, 0x0, 0xff,

    /* U+C785 "입" */
    0x78, 0x61, 0x18, 0x26, 0x9, 0x84, 0x5e, 0x10,
    0x0, 0x81, 0x3f, 0xc8, 0x12, 0x4, 0xff,

    /* U+C788 "있" */
    0x38, 0x48, 0x8a, 0x9, 0x41, 0x28, 0x44, 0xf0,
    0x80, 0x10, 0x84, 0x10, 0x82, 0x30, 0xa5, 0x63,
    0x10,

    /* U+C7A0 "잠" */
    0xee, 0x42, 0x8, 0x41, 0x8, 0x32, 0x84, 0x88,
    0xa0, 0x90, 0xfc, 0x20, 0x44, 0x8, 0x81, 0x1f,
    0xc0,

    /* U+C804 "전" */
    0xee, 0x44, 0x11, 0x4, 0x4f, 0x28, 0x51, 0x18,
    0x24, 0x1, 0x20, 0x48, 0x2, 0x0, 0xff,

    /* U+C811 "접" */
    0xfe, 0x44, 0x11, 0x4, 0x4f, 0x28, 0x51, 0x98,
    0x0, 0x81, 0x20, 0x4f, 0xf2, 0x4, 0xff,

    /* U+C815 "정" */
    0xee, 0x44, 0x11, 0x4, 0x4f, 0x28, 0x51, 0x18,
    0x24, 0x3c, 0x30, 0x88, 0x12, 0x4, 0x7e,

    /* U+C838 "져" */
    0x0, 0x7f, 0x91, 0x4, 0x4f, 0x10, 0x44, 0x12,
    0xbd, 0x11, 0x82, 0x40, 0x10, 0x4, 0x1,

    /* U+C871 "족" */
    0x7f, 0xc0, 0x80, 0x28, 0x18, 0xc4, 0x44, 0x8,
    0x3e, 0xf8, 0x0, 0x7f, 0xc0, 0x8, 0x1, 0x0,
    0x20,

    /* U+C8FC "주" */
    0x7f, 0xc0, 0x80, 0x10, 0x5, 0x3, 0x18, 0x80,
    0x80, 0x7, 0xff, 0x4, 0x0, 0x80, 0x10, 0x2,
    0x0,

    /* U+C911 "중" */
    0x7f, 0xc0, 0x80, 0x28, 0x18, 0xcc, 0x5, 0xff,
    0xc1, 0x0, 0x70, 0x31, 0x88, 0x9, 0x1, 0x1f,
    0xc0,

    /* U+C9C0 "지" */
    0x0, 0x7f, 0x91, 0x4, 0x41, 0x10, 0x44, 0x12,
    0x84, 0x91, 0x42, 0x60, 0x10, 0x4, 0x1,

    /* U+C9C4 "진" */
    0xee, 0x44, 0x11, 0x4, 0x41, 0x28, 0x49, 0x1c,
    0x24, 0x1, 0x20, 0x48, 0x2, 0x0, 0xff,

    /* U+CC3E "찾" */
    0x10, 0x2, 0xb, 0xf9, 0x8, 0x21, 0x6, 0x50,
    0x91, 0x94, 0x2, 0x3b, 0xc0, 0x80, 0x18, 0xc,
    0x86, 0xc,

    /* U+CD08 "초" */
    0x4, 0x0, 0x81, 0xff, 0x2, 0x0, 0xa0, 0x22,
    0x18, 0x30, 0x20, 0x4, 0x1f, 0xfc,

    /* U+CD5C "최" */
    0x10, 0x5f, 0x91, 0x4, 0x61, 0x24, 0x50, 0xd9,
    0x4, 0x41, 0xff, 0x40, 0x10, 0x4, 0x1,

    /* U+CDA9 "충" */
    0x4, 0x0, 0x81, 0xff, 0x2, 0x1, 0xb0, 0xc1,
    0x80, 0x7, 0xff, 0x4, 0x7, 0x71, 0x1, 0x20,
    0x23, 0xf8,

    /* U+CE5C "친" */
    0x10, 0x7f, 0x91, 0x4, 0x41, 0x18, 0x49, 0x1c,
    0x24, 0x1, 0x20, 0x48, 0x2, 0x0, 0xff,

    /* U+CE74 "카" */
    0x0, 0x8f, 0x90, 0x12, 0x2, 0x4f, 0xc8, 0x11,
    0xc2, 0x20, 0x84, 0x60, 0x90, 0x10, 0x2, 0x0,
    0x40,

    /* U+CE94 "캔" */
    0x71, 0x41, 0x28, 0x25, 0x7c, 0xe1, 0x14, 0x42,
    0x90, 0x54, 0xa, 0x20, 0x44, 0x0, 0x80, 0x1f,
    0xf0,

    /* U+CF1C "켜" */
    0x0, 0x5f, 0x10, 0x44, 0x1f, 0xf8, 0x42, 0x11,
    0x7c, 0x41, 0x60, 0x60, 0x10, 0x4, 0x1,

    /* U+D06C "크" */
    0x7f, 0xc0, 0x8, 0x1, 0xf, 0xc6, 0x4, 0x1,
    0x0, 0x20, 0x0, 0xff, 0xe0,

    /* U+D0DC "태" */
    0x1, 0x7e, 0x58, 0x16, 0x5, 0xf9, 0xe0, 0x58,
    0x16, 0x5, 0xfd, 0x40, 0x50, 0x14, 0x1,

    /* U+D130 "터" */
    0x0, 0x7f, 0x18, 0x6, 0x1, 0xfb, 0xe0, 0x18,
    0x6, 0x1, 0xfe, 0x40, 0x10, 0x4, 0x1,

    /* U+D15C "템" */
    0xf9, 0x60, 0x58, 0x17, 0xfd, 0x81, 0x7f, 0x50,
    0x14, 0x7e, 0x20, 0x48, 0x12, 0x4, 0xff,

    /* U+D2B8 "트" */
    0x7f, 0xc8, 0x1, 0xfe, 0x20, 0x4, 0x0, 0xff,
    0x80, 0x0, 0x0, 0xff, 0xe0,

    /* U+D31F "팟" */
    0xda, 0x44, 0x88, 0x91, 0x12, 0x32, 0x45, 0xfe,
    0x80, 0x10, 0x22, 0x4, 0x0, 0xc0, 0x64, 0x30,
    0x60,

    /* U+D328 "패" */
    0x1, 0x7f, 0x54, 0x95, 0x25, 0x49, 0x52, 0x74,
    0x95, 0x25, 0xfd, 0x40, 0x50, 0x14, 0x1,

    /* U+D558 "하" */
    0x10, 0x9f, 0xd0, 0x2, 0x1c, 0x44, 0x49, 0x5,
    0xe0, 0xa2, 0x24, 0x38, 0x80, 0x10, 0x2, 0x0,
    0x40,

    /* U+D55C "한" */
    0x10, 0x5f, 0xc8, 0x41, 0x36, 0x28, 0x27, 0x4,
    0x9f, 0x10, 0x2, 0x20, 0x44, 0x0, 0x80, 0x1f,
    0xe0,

    /* U+D560 "할" */
    0x10, 0x42, 0xb, 0xb9, 0x1c, 0x24, 0x47, 0x4,
    0x9f, 0x10, 0x0, 0x3f, 0x80, 0x8, 0xfe, 0x10,
    0x3, 0xfc,

    /* U+D569 "합" */
    0x10, 0x2, 0xb, 0xf9, 0x1c, 0x24, 0x47, 0x4,
    0x91, 0x10, 0xc2, 0x20, 0x44, 0x8, 0xff, 0x10,
    0x23, 0xf8,

    /* U+D56B "핫" */
    0x10, 0x2, 0xb, 0xf9, 0x1c, 0x24, 0x47, 0x4,
    0x91, 0x11, 0xc2, 0x0, 0x40, 0x80, 0x18, 0xc,
    0x86, 0xc,

    /* U+D588 "했" */
    0x21, 0x5f, 0xa8, 0xc5, 0x24, 0xe8, 0x55, 0xa,
    0x9e, 0x50, 0x0, 0x10, 0x82, 0x10, 0xa5, 0x23,
    0x10,

    /* U+D589 "행" */
    0x21, 0x7f, 0x53, 0x15, 0x27, 0x85, 0x61, 0x57,
    0x94, 0x0, 0x1f, 0xc8, 0x12, 0x4, 0x7e,

    /* U+D654 "화" */
    0x10, 0x9f, 0xd0, 0x62, 0x32, 0x44, 0x28, 0x84,
    0xcb, 0x20, 0x84, 0x1f, 0x9c, 0x10, 0x2, 0x0,
    0x40,

    /* U+D655 "확" */
    0x10, 0x2, 0x13, 0xba, 0x1e, 0x44, 0x26, 0x89,
    0xe, 0x20, 0xfc, 0xe0, 0x8f, 0xe0, 0x2, 0x0,
    0x40, 0x8,

    /* U+D658 "환" */
    0x10, 0x2, 0x13, 0xba, 0x1e, 0x44, 0x28, 0x84,
    0xcf, 0x20, 0x8c, 0xfe, 0x80, 0x10, 0x80, 0x10,
    0x3, 0xfc,

    /* U+D65C "활" */
    0x10, 0x1e, 0xd0, 0x62, 0x32, 0x44, 0x2e, 0x79,
    0x4, 0xe7, 0x64, 0x7f, 0x0, 0x11, 0xfe, 0x20,
    0x7, 0xfc,

    /* U+D6C4 "후" */
    0x4, 0x0, 0x83, 0xff, 0xf, 0x2, 0x18, 0x81,
    0x8, 0x20, 0xf8, 0xfb, 0xe0, 0x80, 0x10, 0x2,
    0x0, 0x40,

    /* U+FF01 "！" */
    0xfe, 0x40,

    /* U+FF0C "，" */
    0xd6,

    /* U+FF1A "：" */
    0xc1, 0x80
};


/*---------------------
 *  GLYPH DESCRIPTION
 *--------------------*/

static const lv_font_fmt_txt_glyph_dsc_t glyph_dsc[] = {
    {.bitmap_index = 0, .adv_w = 0, .box_w = 0, .box_h = 0, .ofs_x = 0, .ofs_y = 0} /* id = 0 reserved */,
    {.bitmap_index = 0, .adv_w = 58, .box_w = 1, .box_h = 1, .ofs_x = 0, .ofs_y = 0},
    {.bitmap_index = 1, .adv_w = 52, .box_w = 1, .box_h = 10, .ofs_x = 1, .ofs_y = 0},
    {.bitmap_index = 3, .adv_w = 76, .box_w = 3, .box_h = 4, .ofs_x = 1, .ofs_y = 6},
    {.bitmap_index = 5, .adv_w = 145, .box_w = 9, .box_h = 10, .ofs_x = 0, .ofs_y = 0},
    {.bitmap_index = 17, .adv_w = 128, .box_w = 6, .box_h = 12, .ofs_x = 1, .ofs_y = -1},
    {.bitmap_index = 26, .adv_w = 179, .box_w = 9, .box_h = 10, .ofs_x = 1, .ofs_y = 0},
    {.bitmap_index = 38, .adv_w = 159, .box_w = 9, .box_h = 10, .ofs_x = 1, .ofs_y = 0},
    {.bitmap_index = 50, .adv_w = 41, .box_w = 1, .box_h = 4, .ofs_x = 1, .ofs_y = 6},
    {.bitmap_index = 51, .adv_w = 59, .box_w = 2, .box_h = 12, .ofs_x = 1, .ofs_y = -2},
    {.bitmap_index = 54, .adv_w = 59, .box_w = 3, .box_h = 12, .ofs_x = 0, .ofs_y = -2},
    {.bitmap_index = 59, .adv_w = 123, .box_w = 6, .box_h = 6, .ofs_x = 1, .ofs_y = 5},
    {.bitmap_index = 64, .adv_w = 128, .box_w = 6, .box_h = 6, .ofs_x = 1, .ofs_y = 2},
    {.bitmap_index = 69, .adv_w = 45, .box_w = 1, .box_h = 4, .ofs_x = 1, .ofs_y = -2},
    {.bitmap_index = 70, .adv_w = 72, .box_w = 3, .box_h = 1, .ofs_x = 1, .ofs_y = 3},
    {.bitmap_index = 71, .adv_w = 52, .box_w = 1, .box_h = 1, .ofs_x = 1, .ofs_y = 0},
    {.bitmap_index = 72, .adv_w = 74, .box_w = 4, .box_h = 10, .ofs_x = 0, .ofs_y = 0},
    {.bitmap_index = 77, .adv_w = 128, .box_w = 6, .box_h = 10, .ofs_x = 1, .ofs_y = 0},
    {.bitmap_index = 85, .adv_w = 128, .box_w = 4, .box_h = 10, .ofs_x = 1, .ofs_y = 0},
    {.bitmap_index = 90, .adv_w = 128, .box_w = 6, .box_h = 10, .ofs_x = 1, .ofs_y = 0},
    {.bitmap_index = 98, .adv_w = 128, .box_w = 6, .box_h = 10, .ofs_x = 1, .ofs_y = 0},
    {.bitmap_index = 106, .adv_w = 128, .box_w = 8, .box_h = 10, .ofs_x = 0, .ofs_y = 0},
    {.bitmap_index = 116, .adv_w = 128, .box_w = 6, .box_h = 10, .ofs_x = 1, .ofs_y = 0},
    {.bitmap_index = 124, .adv_w = 128, .box_w = 6, .box_h = 10, .ofs_x = 1, .ofs_y = 0},
    {.bitmap_index = 132, .adv_w = 128, .box_w = 6, .box_h = 10, .ofs_x = 1, .ofs_y = 0},
    {.bitmap_index = 140, .adv_w = 128, .box_w = 6, .box_h = 10, .ofs_x = 1, .ofs_y = 0},
    {.bitmap_index = 148, .adv_w = 128, .box_w = 6, .box_h = 10, .ofs_x = 1, .ofs_y = 0},
    {.bitmap_index = 156, .adv_w = 52, .box_w = 1, .box_h = 8, .ofs_x = 1, .ofs_y = 0},
    {.bitmap_index = 157, .adv_w = 52, .box_w = 1, .box_h = 10, .ofs_x = 1, .ofs_y = -2},
    {.bitmap_index = 159, .adv_w = 128, .box_w = 6, .box_h = 6, .ofs_x = 1, .ofs_y = 2},
    {.bitmap_index = 164, .adv_w = 128, .box_w = 6, .box_h = 4, .ofs_x = 1, .ofs_y = 3},
    {.bitmap_index = 167, .adv_w = 128, .box_w = 6, .box_h = 6, .ofs_x = 1, .ofs_y = 2},
    {.bitmap_index = 172, .adv_w = 93, .box_w = 5, .box_h = 10, .ofs_x = 0, .ofs_y = 0},
    {.bitmap_index = 179, .adv_w = 198, .box_w = 11, .box_h = 11, .ofs_x = 1, .ofs_y = -1},
    {.bitmap_index = 195, .adv_w = 132, .box_w = 8, .box_h = 10, .ofs_x = 0, .ofs_y = 0},
    {.bitmap_index = 205, .adv_w = 139, .box_w = 7, .box_h = 10, .ofs_x = 1, .ofs_y = 0},
    {.bitmap_index = 214, .adv_w = 138, .box_w = 7, .box_h = 10, .ofs_x = 1, .ofs_y = 0},
    {.bitmap_index = 223, .adv_w = 157, .box_w = 8, .box_h = 10, .ofs_x = 1, .ofs_y = 0},
    {.bitmap_index = 233, .adv_w = 123, .box_w = 6, .box_h = 10, .ofs_x = 1, .ofs_y = 0},
    {.bitmap_index = 241, .adv_w = 111, .box_w = 6, .box_h = 10, .ofs_x = 1, .ofs_y = 0},
    {.bitmap_index = 249, .adv_w = 162, .box_w = 8, .box_h = 10, .ofs_x = 1, .ofs_y = 0},
    {.bitmap_index = 259, .adv_w = 160, .box_w = 8, .box_h = 10, .ofs_x = 1, .ofs_y = 0},
    {.bitmap_index = 269, .adv_w = 66, .box_w = 2, .box_h = 10, .ofs_x = 1, .ofs_y = 0},
    {.bitmap_index = 272, .adv_w = 54, .box_w = 3, .box_h = 12, .ofs_x = -1, .ofs_y = -2},
    {.bitmap_index = 277, .adv_w = 128, .box_w = 7, .box_h = 10, .ofs_x = 1, .ofs_y = 0},
    {.bitmap_index = 286, .adv_w = 114, .box_w = 6, .box_h = 10, .ofs_x = 1, .ofs_y = 0},
    {.bitmap_index = 294, .adv_w = 191, .box_w = 9, .box_h = 10, .ofs_x = 1, .ofs_y = 0},
    {.bitmap_index = 306, .adv_w = 159, .box_w = 8, .box_h = 10, .ofs_x = 1, .ofs_y = 0},
    {.bitmap_index = 316, .adv_w = 170, .box_w = 9, .box_h = 10, .ofs_x = 1, .ofs_y = 0},
    {.bitmap_index = 328, .adv_w = 130, .box_w = 6, .box_h = 10, .ofs_x = 1, .ofs_y = 0},
    {.bitmap_index = 336, .adv_w = 170, .box_w = 9, .box_h = 12, .ofs_x = 1, .ofs_y = -2},
    {.bitmap_index = 350, .adv_w = 131, .box_w = 7, .box_h = 10, .ofs_x = 1, .ofs_y = 0},
    {.bitmap_index = 359, .adv_w = 122, .box_w = 6, .box_h = 10, .ofs_x = 1, .ofs_y = 0},
    {.bitmap_index = 367, .adv_w = 115, .box_w = 7, .box_h = 10, .ofs_x = 0, .ofs_y = 0},
    {.bitmap_index = 376, .adv_w = 160, .box_w = 8, .box_h = 10, .ofs_x = 1, .ofs_y = 0},
    {.bitmap_index = 386, .adv_w = 128, .box_w = 8, .box_h = 10, .ofs_x = 0, .ofs_y = 0},
    {.bitmap_index = 396, .adv_w = 197, .box_w = 12, .box_h = 10, .ofs_x = 0, .ofs_y = 0},
    {.bitmap_index = 411, .adv_w = 118, .box_w = 7, .box_h = 10, .ofs_x = 0, .ofs_y = 0},
    {.bitmap_index = 420, .adv_w = 116, .box_w = 7, .box_h = 10, .ofs_x = 0, .ofs_y = 0},
    {.bitmap_index = 429, .adv_w = 129, .box_w = 8, .box_h = 10, .ofs_x = 0, .ofs_y = 0},
    {.bitmap_index = 439, .adv_w = 71, .box_w = 3, .box_h = 12, .ofs_x = 1, .ofs_y = -2},
    {.bitmap_index = 444, .adv_w = 74, .box_w = 4, .box_h = 10, .ofs_x = 0, .ofs_y = 0},
    {.bitmap_index = 449, .adv_w = 71, .box_w = 3, .box_h = 12, .ofs_x = 0, .ofs_y = -2},
    {.bitmap_index = 454, .adv_w = 128, .box_w = 6, .box_h = 6, .ofs_x = 1, .ofs_y = 4},
    {.bitmap_index = 459, .adv_w = 90, .box_w = 6, .box_h = 1, .ofs_x = 0, .ofs_y = -2},
    {.bitmap_index = 460, .adv_w = 57, .box_w = 2, .box_h = 3, .ofs_x = 1, .ofs_y = 8},
    {.bitmap_index = 461, .adv_w = 117, .box_w = 5, .box_h = 8, .ofs_x = 1, .ofs_y = 0},
    {.bitmap_index = 466, .adv_w = 132, .box_w = 6, .box_h = 11, .ofs_x = 1, .ofs_y = 0},
    {.bitmap_index = 475, .adv_w = 106, .box_w = 5, .box_h = 8, .ofs_x = 1, .ofs_y = 0},
    {.bitmap_index = 480, .adv_w = 132, .box_w = 6, .box_h = 11, .ofs_x = 1, .ofs_y = 0},
    {.bitmap_index = 489, .adv_w = 122, .box_w = 6, .box_h = 8, .ofs_x = 1, .ofs_y = 0},
    {.bitmap_index = 495, .adv_w = 65, .box_w = 5, .box_h = 11, .ofs_x = 0, .ofs_y = 0},
    {.bitmap_index = 502, .adv_w = 132, .box_w = 6, .box_h = 11, .ofs_x = 1, .ofs_y = -2},
    {.bitmap_index = 511, .adv_w = 130, .box_w = 6, .box_h = 11, .ofs_x = 1, .ofs_y = 0},
    {.bitmap_index = 520, .adv_w = 49, .box_w = 1, .box_h = 10, .ofs_x = 1, .ofs_y = 0},
    {.bitmap_index = 522, .adv_w = 49, .box_w = 3, .box_h = 13, .ofs_x = -1, .ofs_y = -2},
    {.bitmap_index = 527, .adv_w = 105, .box_w = 6, .box_h = 11, .ofs_x = 1, .ofs_y = 0},
    {.bitmap_index = 536, .adv_w = 49, .box_w = 1, .box_h = 11, .ofs_x = 1, .ofs_y = 0},
    {.bitmap_index = 538, .adv_w = 195, .box_w = 10, .box_h = 8, .ofs_x = 1, .ofs_y = 0},
    {.bitmap_index = 548, .adv_w = 130, .box_w = 6, .box_h = 8, .ofs_x = 1, .ofs_y = 0},
    {.bitmap_index = 554, .adv_w = 130, .box_w = 6, .box_h = 8, .ofs_x = 1, .ofs_y = 0},
    {.bitmap_index = 560, .adv_w = 132, .box_w = 6, .box_h = 11, .ofs_x = 1, .ofs_y = -2},
    {.bitmap_index = 569, .adv_w = 132, .box_w = 6, .box_h = 11, .ofs_x = 1, .ofs_y = -2},
    {.bitmap_index = 578, .adv_w = 86, .box_w = 4, .box_h = 8, .ofs_x = 1, .ofs_y = 0},
    {.bitmap_index = 582, .adv_w = 103, .box_w = 5, .box_h = 8, .ofs_x = 1, .ofs_y = 0},
    {.bitmap_index = 587, .adv_w = 73, .box_w = 4, .box_h = 9, .ofs_x = 0, .ofs_y = 0},
    {.bitmap_index = 592, .adv_w = 130, .box_w = 6, .box_h = 7, .ofs_x = 1, .ofs_y = 0},
    {.bitmap_index = 598, .adv_w = 100, .box_w = 6, .box_h = 7, .ofs_x = 0, .ofs_y = 0},
    {.bitmap_index = 604, .adv_w = 158, .box_w = 10, .box_h = 7, .ofs_x = 0, .ofs_y = 0},
    {.bitmap_index = 613, .adv_w = 110, .box_w = 6, .box_h = 7, .ofs_x = 0, .ofs_y = 0},
    {.bitmap_index = 619, .adv_w = 100, .box_w = 6, .box_h = 10, .ofs_x = 0, .ofs_y = -2},
    {.bitmap_index = 627, .adv_w = 103, .box_w = 5, .box_h = 7, .ofs_x = 1, .ofs_y = 0},
    {.bitmap_index = 632, .adv_w = 78, .box_w = 4, .box_h = 12, .ofs_x = 0, .ofs_y = -2},
    {.bitmap_index = 638, .adv_w = 121, .box_w = 1, .box_h = 14, .ofs_x = 3, .ofs_y = -2},
    {.bitmap_index = 640, .adv_w = 78, .box_w = 4, .box_h = 12, .ofs_x = 0, .ofs_y = -2},
    {.bitmap_index = 646, .adv_w = 128, .box_w = 6, .box_h = 2, .ofs_x = 1, .ofs_y = 4},
    {.bitmap_index = 648, .adv_w = 52, .box_w = 1, .box_h = 11, .ofs_x = 1, .ofs_y = -2},
    {.bitmap_index = 650, .adv_w = 128, .box_w = 6, .box_h = 10, .ofs_x = 1, .ofs_y = 0},
    {.bitmap_index = 658, .adv_w = 128, .box_w = 6, .box_h = 10, .ofs_x = 1, .ofs_y = 0},
    {.bitmap_index = 666, .adv_w = 128, .box_w = 6, .box_h = 6, .ofs_x = 1, .ofs_y = 2},
    {.bitmap_index = 671, .adv_w = 128, .box_w = 8, .box_h = 10, .ofs_x = 0, .ofs_y = 0},
    {.bitmap_index = 681, .adv_w = 121, .box_w = 1, .box_h = 14, .ofs_x = 3, .ofs_y = -2},
    {.bitmap_index = 683, .adv_w = 116, .box_w = 5, .box_h = 11, .ofs_x = 1, .ofs_y = 0},
    {.bitmap_index = 690, .adv_w = 129, .box_w = 4, .box_h = 1, .ofs_x = 2, .ofs_y = 9},
    {.bitmap_index = 691, .adv_w = 186, .box_w = 10, .box_h = 10, .ofs_x = 1, .ofs_y = 0},
    {.bitmap_index = 704, .adv_w = 74, .box_w = 3, .box_h = 4, .ofs_x = 1, .ofs_y = 6},
    {.bitmap_index = 706, .adv_w = 93, .box_w = 5, .box_h = 6, .ofs_x = 0, .ofs_y = 1},
    {.bitmap_index = 710, .adv_w = 128, .box_w = 6, .box_h = 3, .ofs_x = 1, .ofs_y = 2},
    {.bitmap_index = 713, .adv_w = 72, .box_w = 3, .box_h = 1, .ofs_x = 1, .ofs_y = 3},
    {.bitmap_index = 714, .adv_w = 186, .box_w = 10, .box_h = 10, .ofs_x = 1, .ofs_y = 0},
    {.bitmap_index = 727, .adv_w = 112, .box_w = 7, .box_h = 1, .ofs_x = 0, .ofs_y = 10},
    {.bitmap_index = 728, .adv_w = 96, .box_w = 4, .box_h = 4, .ofs_x = 1, .ofs_y = 6},
    {.bitmap_index = 730, .adv_w = 128, .box_w = 6, .box_h = 8, .ofs_x = 1, .ofs_y = 0},
    {.bitmap_index = 736, .adv_w = 74, .box_w = 4, .box_h = 6, .ofs_x = 0, .ofs_y = 6},
    {.bitmap_index = 739, .adv_w = 74, .box_w = 4, .box_h = 6, .ofs_x = 0, .ofs_y = 6},
    {.bitmap_index = 742, .adv_w = 57, .box_w = 2, .box_h = 3, .ofs_x = 1, .ofs_y = 8},
    {.bitmap_index = 743, .adv_w = 132, .box_w = 6, .box_h = 10, .ofs_x = 1, .ofs_y = -2},
    {.bitmap_index = 751, .adv_w = 147, .box_w = 6, .box_h = 13, .ofs_x = 1, .ofs_y = -2},
    {.bitmap_index = 761, .adv_w = 52, .box_w = 1, .box_h = 1, .ofs_x = 1, .ofs_y = 4},
    {.bitmap_index = 762, .adv_w = 45, .box_w = 3, .box_h = 3, .ofs_x = 0, .ofs_y = -2},
    {.bitmap_index = 764, .adv_w = 74, .box_w = 2, .box_h = 6, .ofs_x = 1, .ofs_y = 6},
    {.bitmap_index = 766, .adv_w = 80, .box_w = 5, .box_h = 5, .ofs_x = 0, .ofs_y = 5},
    {.bitmap_index = 770, .adv_w = 93, .box_w = 5, .box_h = 6, .ofs_x = 0, .ofs_y = 1},
    {.bitmap_index = 774, .adv_w = 159, .box_w = 10, .box_h = 10, .ofs_x = 0, .ofs_y = 0},
    {.bitmap_index = 787, .adv_w = 168, .box_w = 10, .box_h = 10, .ofs_x = 0, .ofs_y = 0},
    {.bitmap_index = 800, .adv_w = 171, .box_w = 11, .box_h = 10, .ofs_x = 0, .ofs_y = 0},
    {.bitmap_index = 814, .adv_w = 93, .box_w = 4, .box_h = 11, .ofs_x = 1, .ofs_y = -2},
    {.bitmap_index = 820, .adv_w = 132, .box_w = 8, .box_h = 14, .ofs_x = 0, .ofs_y = 0},
    {.bitmap_index = 834, .adv_w = 132, .box_w = 8, .box_h = 14, .ofs_x = 0, .ofs_y = 0},
    {.bitmap_index = 848, .adv_w = 132, .box_w = 8, .box_h = 14, .ofs_x = 0, .ofs_y = 0},
    {.bitmap_index = 862, .adv_w = 132, .box_w = 8, .box_h = 13, .ofs_x = 0, .ofs_y = 0},
    {.bitmap_index = 875, .adv_w = 132, .box_w = 8, .box_h = 13, .ofs_x = 0, .ofs_y = 0},
    {.bitmap_index = 888, .adv_w = 132, .box_w = 8, .box_h = 12, .ofs_x = 0, .ofs_y = 0},
    {.bitmap_index = 900, .adv_w = 176, .box_w = 11, .box_h = 10, .ofs_x = 0, .ofs_y = 0},
    {.bitmap_index = 914, .adv_w = 138, .box_w = 7, .box_h = 13, .ofs_x = 1, .ofs_y = -2},
    {.bitmap_index = 926, .adv_w = 123, .box_w = 6, .box_h = 14, .ofs_x = 1, .ofs_y = 0},
    {.bitmap_index = 937, .adv_w = 123, .box_w = 6, .box_h = 14, .ofs_x = 1, .ofs_y = 0},
    {.bitmap_index = 948, .adv_w = 123, .box_w = 6, .box_h = 14, .ofs_x = 1, .ofs_y = 0},
    {.bitmap_index = 959, .adv_w = 123, .box_w = 6, .box_h = 13, .ofs_x = 1, .ofs_y = 0},
    {.bitmap_index = 969, .adv_w = 66, .box_w = 2, .box_h = 14, .ofs_x = 1, .ofs_y = 0},
    {.bitmap_index = 973, .adv_w = 66, .box_w = 3, .box_h = 14, .ofs_x = 1, .ofs_y = 0},
    {.bitmap_index = 979, .adv_w = 66, .box_w = 4, .box_h = 14, .ofs_x = 0, .ofs_y = 0},
    {.bitmap_index = 986, .adv_w = 66, .box_w = 4, .box_h = 13, .ofs_x = 0, .ofs_y = 0},
    {.bitmap_index = 993, .adv_w = 157, .box_w = 9, .box_h = 10, .ofs_x = 0, .ofs_y = 0},
    {.bitmap_index = 1005, .adv_w = 159, .box_w = 8, .box_h = 13, .ofs_x = 1, .ofs_y = 0},
    {.bitmap_index = 1018, .adv_w = 170, .box_w = 9, .box_h = 14, .ofs_x = 1, .ofs_y = 0},
    {.bitmap_index = 1034, .adv_w = 170, .box_w = 9, .box_h = 14, .ofs_x = 1, .ofs_y = 0},
    {.bitmap_index = 1050, .adv_w = 170, .box_w = 9, .box_h = 14, .ofs_x = 1, .ofs_y = 0},
    {.bitmap_index = 1066, .adv_w = 170, .box_w = 9, .box_h = 13, .ofs_x = 1, .ofs_y = 0},
    {.bitmap_index = 1081, .adv_w = 170, .box_w = 9, .box_h = 13, .ofs_x = 1, .ofs_y = 0},
    {.bitmap_index = 1096, .adv_w = 128, .box_w = 6, .box_h = 6, .ofs_x = 1, .ofs_y = 2},
    {.bitmap_index = 1101, .adv_w = 170, .box_w = 9, .box_h = 10, .ofs_x = 1, .ofs_y = 0},
    {.bitmap_index = 1113, .adv_w = 160, .box_w = 8, .box_h = 14, .ofs_x = 1, .ofs_y = 0},
    {.bitmap_index = 1127, .adv_w = 160, .box_w = 8, .box_h = 14, .ofs_x = 1, .ofs_y = 0},
    {.bitmap_index = 1141, .adv_w = 160, .box_w = 8, .box_h = 14, .ofs_x = 1, .ofs_y = 0},
    {.bitmap_index = 1155, .adv_w = 160, .box_w = 8, .box_h = 13, .ofs_x = 1, .ofs_y = 0},
    {.bitmap_index = 1168, .adv_w = 116, .box_w = 7, .box_h = 14, .ofs_x = 0, .ofs_y = 0},
    {.bitmap_index = 1181, .adv_w = 130, .box_w = 6, .box_h = 10, .ofs_x = 1, .ofs_y = 0},
    {.bitmap_index = 1189, .adv_w = 128, .box_w = 6, .box_h = 11, .ofs_x = 1, .ofs_y = 0},
    {.bitmap_index = 1198, .adv_w = 117, .box_w = 5, .box_h = 11, .ofs_x = 1, .ofs_y = 0},
    {.bitmap_index = 1205, .adv_w = 117, .box_w = 5, .box_h = 11, .ofs_x = 1, .ofs_y = 0},
    {.bitmap_index = 1212, .adv_w = 117, .box_w = 5, .box_h = 11, .ofs_x = 1, .ofs_y = 0},
    {.bitmap_index = 1219, .adv_w = 117, .box_w = 5, .box_h = 10, .ofs_x = 1, .ofs_y = 0},
    {.bitmap_index = 1226, .adv_w = 117, .box_w = 5, .box_h = 10, .ofs_x = 1, .ofs_y = 0},
    {.bitmap_index = 1233, .adv_w = 117, .box_w = 5, .box_h = 11, .ofs_x = 1, .ofs_y = 0},
    {.bitmap_index = 1240, .adv_w = 191, .box_w = 10, .box_h = 8, .ofs_x = 1, .ofs_y = 0},
    {.bitmap_index = 1250, .adv_w = 106, .box_w = 5, .box_h = 11, .ofs_x = 1, .ofs_y = -2},
    {.bitmap_index = 1257, .adv_w = 122, .box_w = 6, .box_h = 11, .ofs_x = 1, .ofs_y = 0},
    {.bitmap_index = 1266, .adv_w = 122, .box_w = 6, .box_h = 11, .ofs_x = 1, .ofs_y = 0},
    {.bitmap_index = 1275, .adv_w = 122, .box_w = 6, .box_h = 11, .ofs_x = 1, .ofs_y = 0},
    {.bitmap_index = 1284, .adv_w = 122, .box_w = 6, .box_h = 10, .ofs_x = 1, .ofs_y = 0},
    {.bitmap_index = 1292, .adv_w = 49, .box_w = 3, .box_h = 11, .ofs_x = 0, .ofs_y = 0},
    {.bitmap_index = 1297, .adv_w = 49, .box_w = 2, .box_h = 11, .ofs_x = 1, .ofs_y = 0},
    {.bitmap_index = 1300, .adv_w = 49, .box_w = 3, .box_h = 11, .ofs_x = 0, .ofs_y = 0},
    {.bitmap_index = 1305, .adv_w = 49, .box_w = 3, .box_h = 10, .ofs_x = 0, .ofs_y = 0},
    {.bitmap_index = 1309, .adv_w = 126, .box_w = 6, .box_h = 11, .ofs_x = 1, .ofs_y = 0},
    {.bitmap_index = 1318, .adv_w = 130, .box_w = 6, .box_h = 10, .ofs_x = 1, .ofs_y = 0},
    {.bitmap_index = 1326, .adv_w = 130, .box_w = 6, .box_h = 11, .ofs_x = 1, .ofs_y = 0},
    {.bitmap_index = 1335, .adv_w = 130, .box_w = 6, .box_h = 11, .ofs_x = 1, .ofs_y = 0},
    {.bitmap_index = 1344, .adv_w = 130, .box_w = 6, .box_h = 11, .ofs_x = 1, .ofs_y = 0},
    {.bitmap_index = 1353, .adv_w = 130, .box_w = 6, .box_h = 10, .ofs_x = 1, .ofs_y = 0},
    {.bitmap_index = 1361, .adv_w = 130, .box_w = 6, .box_h = 10, .ofs_x = 1, .ofs_y = 0},
    {.bitmap_index = 1369, .adv_w = 128, .box_w = 6, .box_h = 6, .ofs_x = 1, .ofs_y = 2},
    {.bitmap_index = 1374, .adv_w = 130, .box_w = 6, .box_h = 8, .ofs_x = 1, .ofs_y = 0},
    {.bitmap_index = 1380, .adv_w = 130, .box_w = 6, .box_h = 11, .ofs_x = 1, .ofs_y = 0},
    {.bitmap_index = 1389, .adv_w = 130, .box_w = 6, .box_h = 11, .ofs_x = 1, .ofs_y = 0},
    {.bitmap_index = 1398, .adv_w = 130, .box_w = 6, .box_h = 11, .ofs_x = 1, .ofs_y = 0},
    {.bitmap_index = 1407, .adv_w = 130, .box_w = 6, .box_h = 10, .ofs_x = 1, .ofs_y = 0},
    {.bitmap_index = 1415, .adv_w = 100, .box_w = 6, .box_h = 14, .ofs_x = 0, .ofs_y = -2},
    {.bitmap_index = 1426, .adv_w = 132, .box_w = 6, .box_h = 14, .ofs_x = 1, .ofs_y = -2},
    {.bitmap_index = 1437, .adv_w = 100, .box_w = 6, .box_h = 13, .ofs_x = 0, .ofs_y = -2},
    {.bitmap_index = 1447, .adv_w = 117, .box_w = 5, .box_h = 10, .ofs_x = 1, .ofs_y = 0},
    {.bitmap_index = 1454, .adv_w = 117, .box_w = 5, .box_h = 11, .ofs_x = 1, .ofs_y = -2},
    {.bitmap_index = 1461, .adv_w = 106, .box_w = 5, .box_h = 11, .ofs_x = 1, .ofs_y = 0},
    {.bitmap_index = 1468, .adv_w = 138, .box_w = 7, .box_h = 14, .ofs_x = 1, .ofs_y = 0},
    {.bitmap_index = 1481, .adv_w = 106, .box_w = 5, .box_h = 11, .ofs_x = 1, .ofs_y = 0},
    {.bitmap_index = 1488, .adv_w = 132, .box_w = 8, .box_h = 11, .ofs_x = 1, .ofs_y = 0},
    {.bitmap_index = 1499, .adv_w = 157, .box_w = 9, .box_h = 10, .ofs_x = 0, .ofs_y = 0},
    {.bitmap_index = 1511, .adv_w = 132, .box_w = 7, .box_h = 11, .ofs_x = 1, .ofs_y = 0},
    {.bitmap_index = 1521, .adv_w = 122, .box_w = 6, .box_h = 11, .ofs_x = 1, .ofs_y = -2},
    {.bitmap_index = 1530, .adv_w = 122, .box_w = 6, .box_h = 11, .ofs_x = 1, .ofs_y = 0},
    {.bitmap_index = 1539, .adv_w = 132, .box_w = 6, .box_h = 13, .ofs_x = 1, .ofs_y = -2},
    {.bitmap_index = 1549, .adv_w = 49, .box_w = 1, .box_h = 7, .ofs_x = 1, .ofs_y = 0},
    {.bitmap_index = 1550, .adv_w = 49, .box_w = 3, .box_h = 11, .ofs_x = 1, .ofs_y = 0},
    {.bitmap_index = 1555, .adv_w = 114, .box_w = 7, .box_h = 10, .ofs_x = 0, .ofs_y = 0},
    {.bitmap_index = 1564, .adv_w = 49, .box_w = 3, .box_h = 11, .ofs_x = 0, .ofs_y = 0},
    {.bitmap_index = 1569, .adv_w = 130, .box_w = 6, .box_h = 11, .ofs_x = 1, .ofs_y = 0},
    {.bitmap_index = 1578, .adv_w = 86, .box_w = 4, .box_h = 11, .ofs_x = 1, .ofs_y = 0},
    {.bitmap_index = 1584, .adv_w = 103, .box_w = 5, .box_h = 11, .ofs_x = 1, .ofs_y = 0},
    {.bitmap_index = 1591, .adv_w = 122, .box_w = 6, .box_h = 13, .ofs_x = 1, .ofs_y = -2},
    {.bitmap_index = 1601, .adv_w = 103, .box_w = 5, .box_h = 11, .ofs_x = 1, .ofs_y = -2},
    {.bitmap_index = 1608, .adv_w = 103, .box_w = 5, .box_h = 11, .ofs_x = 1, .ofs_y = 0},
    {.bitmap_index = 1615, .adv_w = 73, .box_w = 5, .box_h = 11, .ofs_x = 0, .ofs_y = 0},
    {.bitmap_index = 1622, .adv_w = 130, .box_w = 6, .box_h = 11, .ofs_x = 1, .ofs_y = 0},
    {.bitmap_index = 1631, .adv_w = 103, .box_w = 5, .box_h = 11, .ofs_x = 1, .ofs_y = 0},
    {.bitmap_index = 1638, .adv_w = 103, .box_w = 5, .box_h = 10, .ofs_x = 1, .ofs_y = 0},
    {.bitmap_index = 1645, .adv_w = 103, .box_w = 5, .box_h = 11, .ofs_x = 1, .ofs_y = 0},
    {.bitmap_index = 1652, .adv_w = 133, .box_w = 8, .box_h = 9, .ofs_x = 1, .ofs_y = 0},
    {.bitmap_index = 1661, .adv_w = 103, .box_w = 5, .box_h = 11, .ofs_x = 1, .ofs_y = -2},
    {.bitmap_index = 1668, .adv_w = 73, .box_w = 4, .box_h = 12, .ofs_x = 0, .ofs_y = -2},
    {.bitmap_index = 1674, .adv_w = 147, .box_w = 8, .box_h = 10, .ofs_x = 0, .ofs_y = 0},
    {.bitmap_index = 1684, .adv_w = 132, .box_w = 8, .box_h = 10, .ofs_x = 0, .ofs_y = 0},
    {.bitmap_index = 1694, .adv_w = 139, .box_w = 7, .box_h = 10, .ofs_x = 1, .ofs_y = 0},
    {.bitmap_index = 1703, .adv_w = 107, .box_w = 6, .box_h = 10, .ofs_x = 1, .ofs_y = 0},
    {.bitmap_index = 1711, .adv_w = 123, .box_w = 6, .box_h = 10, .ofs_x = 1, .ofs_y = 0},
    {.bitmap_index = 1719, .adv_w = 160, .box_w = 8, .box_h = 10, .ofs_x = 1, .ofs_y = 0},
    {.bitmap_index = 1729, .adv_w = 127, .box_w = 8, .box_h = 10, .ofs_x = 0, .ofs_y = 0},
    {.bitmap_index = 1739, .adv_w = 191, .box_w = 9, .box_h = 10, .ofs_x = 1, .ofs_y = 0},
    {.bitmap_index = 1751, .adv_w = 159, .box_w = 8, .box_h = 10, .ofs_x = 1, .ofs_y = 0},
    {.bitmap_index = 1761, .adv_w = 170, .box_w = 9, .box_h = 10, .ofs_x = 1, .ofs_y = 0},
    {.bitmap_index = 1773, .adv_w = 157, .box_w = 7, .box_h = 10, .ofs_x = 1, .ofs_y = 0},
    {.bitmap_index = 1782, .adv_w = 129, .box_w = 8, .box_h = 10, .ofs_x = 0, .ofs_y = 0},
    {.bitmap_index = 1792, .adv_w = 115, .box_w = 7, .box_h = 10, .ofs_x = 0, .ofs_y = 0},
    {.bitmap_index = 1801, .adv_w = 173, .box_w = 9, .box_h = 10, .ofs_x = 1, .ofs_y = 0},
    {.bitmap_index = 1813, .adv_w = 118, .box_w = 7, .box_h = 10, .ofs_x = 0, .ofs_y = 0},
    {.bitmap_index = 1822, .adv_w = 135, .box_w = 7, .box_h = 11, .ofs_x = 1, .ofs_y = 0},
    {.bitmap_index = 1832, .adv_w = 104, .box_w = 5, .box_h = 11, .ofs_x = 1, .ofs_y = 0},
    {.bitmap_index = 1839, .adv_w = 128, .box_w = 6, .box_h = 14, .ofs_x = 1, .ofs_y = -2},
    {.bitmap_index = 1850, .adv_w = 64, .box_w = 3, .box_h = 11, .ofs_x = 1, .ofs_y = 0},
    {.bitmap_index = 1855, .adv_w = 135, .box_w = 7, .box_h = 8, .ofs_x = 1, .ofs_y = 0},
    {.bitmap_index = 1862, .adv_w = 132, .box_w = 6, .box_h = 14, .ofs_x = 1, .ofs_y = -2},
    {.bitmap_index = 1873, .adv_w = 103, .box_w = 6, .box_h = 10, .ofs_x = 0, .ofs_y = -2},
    {.bitmap_index = 1881, .adv_w = 127, .box_w = 6, .box_h = 11, .ofs_x = 1, .ofs_y = 0},
    {.bitmap_index = 1890, .adv_w = 104, .box_w = 5, .box_h = 8, .ofs_x = 1, .ofs_y = 0},
    {.bitmap_index = 1895, .adv_w = 92, .box_w = 5, .box_h = 14, .ofs_x = 1, .ofs_y = -2},
    {.bitmap_index = 1904, .adv_w = 128, .box_w = 6, .box_h = 11, .ofs_x = 1, .ofs_y = -2},
    {.bitmap_index = 1913, .adv_w = 128, .box_w = 6, .box_h = 11, .ofs_x = 1, .ofs_y = 0},
    {.bitmap_index = 1922, .adv_w = 64, .box_w = 3, .box_h = 7, .ofs_x = 1, .ofs_y = 0},
    {.bitmap_index = 1925, .adv_w = 105, .box_w = 6, .box_h = 7, .ofs_x = 1, .ofs_y = 0},
    {.bitmap_index = 1931, .adv_w = 108, .box_w = 7, .box_h = 11, .ofs_x = 0, .ofs_y = 0},
    {.bitmap_index = 1941, .adv_w = 136, .box_w = 7, .box_h = 10, .ofs_x = 1, .ofs_y = -2},
    {.bitmap_index = 1950, .adv_w = 103, .box_w = 6, .box_h = 7, .ofs_x = 0, .ofs_y = 0},
    {.bitmap_index = 1956, .adv_w = 101, .box_w = 5, .box_h = 14, .ofs_x = 1, .ofs_y = -2},
    {.bitmap_index = 1965, .adv_w = 130, .box_w = 6, .box_h = 8, .ofs_x = 1, .ofs_y = 0},
    {.bitmap_index = 1971, .adv_w = 134, .box_w = 8, .box_h = 7, .ofs_x = 0, .ofs_y = 0},
    {.bitmap_index = 1978, .adv_w = 127, .box_w = 6, .box_h = 11, .ofs_x = 1, .ofs_y = -2},
    {.bitmap_index = 1987, .adv_w = 99, .box_w = 5, .box_h = 11, .ofs_x = 1, .ofs_y = -2},
    {.bitmap_index = 1994, .adv_w = 132, .box_w = 7, .box_h = 7, .ofs_x = 1, .ofs_y = 0},
    {.bitmap_index = 2001, .adv_w = 97, .box_w = 6, .box_h = 7, .ofs_x = 0, .ofs_y = 0},
    {.bitmap_index = 2007, .adv_w = 125, .box_w = 6, .box_h = 7, .ofs_x = 1, .ofs_y = 0},
    {.bitmap_index = 2013, .adv_w = 147, .box_w = 7, .box_h = 14, .ofs_x = 1, .ofs_y = -2},
    {.bitmap_index = 2026, .adv_w = 124, .box_w = 7, .box_h = 11, .ofs_x = 0, .ofs_y = -2},
    {.bitmap_index = 2036, .adv_w = 156, .box_w = 8, .box_h = 14, .ofs_x = 1, .ofs_y = -2},
    {.bitmap_index = 2050, .adv_w = 168, .box_w = 9, .box_h = 7, .ofs_x = 1, .ofs_y = 0},
    {.bitmap_index = 2058, .adv_w = 130, .box_w = 6, .box_h = 11, .ofs_x = 1, .ofs_y = 0},
    {.bitmap_index = 2067, .adv_w = 125, .box_w = 6, .box_h = 11, .ofs_x = 1, .ofs_y = 0},
    {.bitmap_index = 2076, .adv_w = 168, .box_w = 9, .box_h = 11, .ofs_x = 1, .ofs_y = 0},
    {.bitmap_index = 2089, .adv_w = 54, .box_w = 1, .box_h = 10, .ofs_x = 1, .ofs_y = 0},
    {.bitmap_index = 2091, .adv_w = 54, .box_w = 3, .box_h = 12, .ofs_x = -1, .ofs_y = -2},
    {.bitmap_index = 2096, .adv_w = 132, .box_w = 8, .box_h = 10, .ofs_x = 0, .ofs_y = 0},
    {.bitmap_index = 2106, .adv_w = 131, .box_w = 6, .box_h = 10, .ofs_x = 1, .ofs_y = 0},
    {.bitmap_index = 2114, .adv_w = 139, .box_w = 7, .box_h = 10, .ofs_x = 1, .ofs_y = 0},
    {.bitmap_index = 2123, .adv_w = 114, .box_w = 6, .box_h = 10, .ofs_x = 1, .ofs_y = 0},
    {.bitmap_index = 2131, .adv_w = 125, .box_w = 6, .box_h = 10, .ofs_x = 1, .ofs_y = 0},
    {.bitmap_index = 2139, .adv_w = 162, .box_w = 8, .box_h = 10, .ofs_x = 1, .ofs_y = 0},
    {.bitmap_index = 2149, .adv_w = 127, .box_w = 7, .box_h = 10, .ofs_x = 1, .ofs_y = 0},
    {.bitmap_index = 2158, .adv_w = 190, .box_w = 9, .box_h = 10, .ofs_x = 1, .ofs_y = 0},
    {.bitmap_index = 2170, .adv_w = 160, .box_w = 8, .box_h = 10, .ofs_x = 1, .ofs_y = 0},
    {.bitmap_index = 2180, .adv_w = 168, .box_w = 9, .box_h = 10, .ofs_x = 1, .ofs_y = 0},
    {.bitmap_index = 2192, .adv_w = 158, .box_w = 7, .box_h = 10, .ofs_x = 1, .ofs_y = 0},
    {.bitmap_index = 2201, .adv_w = 129, .box_w = 6, .box_h = 10, .ofs_x = 1, .ofs_y = 0},
    {.bitmap_index = 2209, .adv_w = 141, .box_w = 7, .box_h = 10, .ofs_x = 1, .ofs_y = 0},
    {.bitmap_index = 2218, .adv_w = 115, .box_w = 7, .box_h = 10, .ofs_x = 0, .ofs_y = 0},
    {.bitmap_index = 2227, .adv_w = 128, .box_w = 8, .box_h = 10, .ofs_x = 0, .ofs_y = 0},
    {.bitmap_index = 2237, .adv_w = 145, .box_w = 7, .box_h = 10, .ofs_x = 1, .ofs_y = 0},
    {.bitmap_index = 2246, .adv_w = 116, .box_w = 5, .box_h = 8, .ofs_x = 1, .ofs_y = 0},
    {.bitmap_index = 2251, .adv_w = 127, .box_w = 6, .box_h = 11, .ofs_x = 1, .ofs_y = 0},
    {.bitmap_index = 2260, .adv_w = 120, .box_w = 6, .box_h = 7, .ofs_x = 1, .ofs_y = 0},
    {.bitmap_index = 2266, .adv_w = 95, .box_w = 5, .box_h = 7, .ofs_x = 1, .ofs_y = 0},
    {.bitmap_index = 2271, .adv_w = 129, .box_w = 8, .box_h = 9, .ofs_x = 0, .ofs_y = -2},
    {.bitmap_index = 2280, .adv_w = 118, .box_w = 6, .box_h = 8, .ofs_x = 1, .ofs_y = 0},
    {.bitmap_index = 2286, .adv_w = 157, .box_w = 10, .box_h = 7, .ofs_x = 0, .ofs_y = 0},
    {.bitmap_index = 2295, .adv_w = 101, .box_w = 5, .box_h = 8, .ofs_x = 1, .ofs_y = 0},
    {.bitmap_index = 2300, .adv_w = 131, .box_w = 6, .box_h = 7, .ofs_x = 1, .ofs_y = 0},
    {.bitmap_index = 2306, .adv_w = 131, .box_w = 6, .box_h = 10, .ofs_x = 1, .ofs_y = 0},
    {.bitmap_index = 2314, .adv_w = 107, .box_w = 5, .box_h = 7, .ofs_x = 1, .ofs_y = 0},
    {.bitmap_index = 2319, .adv_w = 125, .box_w = 7, .box_h = 7, .ofs_x = 0, .ofs_y = 0},
    {.bitmap_index = 2326, .adv_w = 162, .box_w = 8, .box_h = 7, .ofs_x = 1, .ofs_y = 0},
    {.bitmap_index = 2333, .adv_w = 130, .box_w = 6, .box_h = 7, .ofs_x = 1, .ofs_y = 0},
    {.bitmap_index = 2339, .adv_w = 126, .box_w = 6, .box_h = 8, .ofs_x = 1, .ofs_y = 0},
    {.bitmap_index = 2345, .adv_w = 128, .box_w = 6, .box_h = 7, .ofs_x = 1, .ofs_y = 0},
    {.bitmap_index = 2351, .adv_w = 131, .box_w = 6, .box_h = 11, .ofs_x = 1, .ofs_y = -2},
    {.bitmap_index = 2360, .adv_w = 109, .box_w = 5, .box_h = 8, .ofs_x = 1, .ofs_y = 0},
    {.bitmap_index = 2365, .adv_w = 98, .box_w = 6, .box_h = 7, .ofs_x = 0, .ofs_y = 0},
    {.bitmap_index = 2371, .adv_w = 103, .box_w = 6, .box_h = 10, .ofs_x = 0, .ofs_y = -2},
    {.bitmap_index = 2379, .adv_w = 150, .box_w = 8, .box_h = 14, .ofs_x = 1, .ofs_y = -2},
    {.bitmap_index = 2393, .adv_w = 104, .box_w = 6, .box_h = 7, .ofs_x = 0, .ofs_y = 0},
    {.bitmap_index = 2399, .adv_w = 130, .box_w = 7, .box_h = 9, .ofs_x = 1, .ofs_y = -2},
    {.bitmap_index = 2407, .adv_w = 124, .box_w = 6, .box_h = 7, .ofs_x = 1, .ofs_y = 0},
    {.bitmap_index = 2413, .adv_w = 188, .box_w = 10, .box_h = 7, .ofs_x = 1, .ofs_y = 0},
    {.bitmap_index = 2422, .adv_w = 189, .box_w = 11, .box_h = 9, .ofs_x = 1, .ofs_y = -2},
    {.bitmap_index = 2435, .adv_w = 134, .box_w = 8, .box_h = 7, .ofs_x = 0, .ofs_y = 0},
    {.bitmap_index = 2442, .adv_w = 152, .box_w = 7, .box_h = 7, .ofs_x = 1, .ofs_y = 0},
    {.bitmap_index = 2449, .adv_w = 115, .box_w = 6, .box_h = 7, .ofs_x = 1, .ofs_y = 0},
    {.bitmap_index = 2455, .adv_w = 170, .box_w = 9, .box_h = 8, .ofs_x = 1, .ofs_y = 0},
    {.bitmap_index = 2464, .adv_w = 120, .box_w = 5, .box_h = 7, .ofs_x = 1, .ofs_y = 0},
    {.bitmap_index = 2469, .adv_w = 129, .box_w = 7, .box_h = 14, .ofs_x = 0, .ofs_y = -2},
    {.bitmap_index = 2482, .adv_w = 49, .box_w = 1, .box_h = 10, .ofs_x = 1, .ofs_y = 0},
    {.bitmap_index = 2484, .adv_w = 49, .box_w = 3, .box_h = 10, .ofs_x = 0, .ofs_y = 0},
    {.bitmap_index = 2488, .adv_w = 49, .box_w = 3, .box_h = 13, .ofs_x = -1, .ofs_y = -2},
    {.bitmap_index = 2493, .adv_w = 188, .box_w = 11, .box_h = 7, .ofs_x = 0, .ofs_y = 0},
    {.bitmap_index = 2503, .adv_w = 192, .box_w = 10, .box_h = 7, .ofs_x = 1, .ofs_y = 0},
    {.bitmap_index = 2512, .adv_w = 131, .box_w = 7, .box_h = 11, .ofs_x = 0, .ofs_y = 0},
    {.bitmap_index = 2522, .adv_w = 56, .box_w = 1, .box_h = 3, .ofs_x = 1, .ofs_y = 0},
    {.bitmap_index = 2523, .adv_w = 50, .box_w = 4, .box_h = 11, .ofs_x = 0, .ofs_y = 0},
    {.bitmap_index = 2529, .adv_w = 50, .box_w = 3, .box_h = 13, .ofs_x = 0, .ofs_y = 0},
    {.bitmap_index = 2534, .adv_w = 50, .box_w = 2, .box_h = 14, .ofs_x = 1, .ofs_y = -2},
    {.bitmap_index = 2538, .adv_w = 174, .box_w = 9, .box_h = 9, .ofs_x = 1, .ofs_y = -2},
    {.bitmap_index = 2549, .adv_w = 50, .box_w = 1, .box_h = 10, .ofs_x = 1, .ofs_y = 0},
    {.bitmap_index = 2551, .adv_w = 219, .box_w = 12, .box_h = 7, .ofs_x = 1, .ofs_y = -2},
    {.bitmap_index = 2562, .adv_w = 91, .box_w = 4, .box_h = 9, .ofs_x = 1, .ofs_y = 0},
    {.bitmap_index = 2567, .adv_w = 219, .box_w = 12, .box_h = 7, .ofs_x = 1, .ofs_y = 0},
    {.bitmap_index = 2578, .adv_w = 219, .box_w = 12, .box_h = 8, .ofs_x = 1, .ofs_y = 0},
    {.bitmap_index = 2590, .adv_w = 140, .box_w = 7, .box_h = 11, .ofs_x = 1, .ofs_y = -2},
    {.bitmap_index = 2600, .adv_w = 140, .box_w = 7, .box_h = 11, .ofs_x = 1, .ofs_y = -2},
    {.bitmap_index = 2610, .adv_w = 140, .box_w = 7, .box_h = 14, .ofs_x = 1, .ofs_y = -2},
    {.bitmap_index = 2623, .adv_w = 93, .box_w = 5, .box_h = 6, .ofs_x = 0, .ofs_y = 0},
    {.bitmap_index = 2627, .adv_w = 93, .box_w = 5, .box_h = 9, .ofs_x = 0, .ofs_y = 0},
    {.bitmap_index = 2633, .adv_w = 81, .box_w = 4, .box_h = 8, .ofs_x = 0, .ofs_y = -2},
    {.bitmap_index = 2637, .adv_w = 81, .box_w = 4, .box_h = 10, .ofs_x = 0, .ofs_y = -2},
    {.bitmap_index = 2642, .adv_w = 263, .box_w = 14, .box_h = 8, .ofs_x = 1, .ofs_y = -2},
    {.bitmap_index = 2656, .adv_w = 263, .box_w = 14, .box_h = 11, .ofs_x = 1, .ofs_y = -2},
    {.bitmap_index = 2676, .adv_w = 289, .box_w = 16, .box_h = 8, .ofs_x = 1, .ofs_y = -2},
    {.bitmap_index = 2692, .adv_w = 289, .box_w = 16, .box_h = 10, .ofs_x = 1, .ofs_y = -2},
    {.bitmap_index = 2712, .adv_w = 180, .box_w = 10, .box_h = 10, .ofs_x = 0, .ofs_y = 0},
    {.bitmap_index = 2725, .adv_w = 180, .box_w = 10, .box_h = 10, .ofs_x = 0, .ofs_y = 0},
    {.bitmap_index = 2738, .adv_w = 115, .box_w = 8, .box_h = 13, .ofs_x = 0, .ofs_y = -2},
    {.bitmap_index = 2751, .adv_w = 115, .box_w = 8, .box_h = 15, .ofs_x = 0, .ofs_y = -2},
    {.bitmap_index = 2766, .adv_w = 60, .box_w = 4, .box_h = 1, .ofs_x = 0, .ofs_y = 0},
    {.bitmap_index = 2767, .adv_w = 218, .box_w = 12, .box_h = 9, .ofs_x = 1, .ofs_y = 0},
    {.bitmap_index = 2781, .adv_w = 173, .box_w = 9, .box_h = 11, .ofs_x = 1, .ofs_y = -2},
    {.bitmap_index = 2794, .adv_w = 186, .box_w = 10, .box_h = 10, .ofs_x = 1, .ofs_y = 0},
    {.bitmap_index = 2807, .adv_w = 149, .box_w = 7, .box_h = 13, .ofs_x = 1, .ofs_y = -2},
    {.bitmap_index = 2819, .adv_w = 106, .box_w = 6, .box_h = 11, .ofs_x = 0, .ofs_y = -2},
    {.bitmap_index = 2828, .adv_w = 153, .box_w = 7, .box_h = 10, .ofs_x = 1, .ofs_y = -2},
    {.bitmap_index = 2837, .adv_w = 146, .box_w = 8, .box_h = 7, .ofs_x = 0, .ofs_y = 0},
    {.bitmap_index = 2844, .adv_w = 103, .box_w = 4, .box_h = 8, .ofs_x = 1, .ofs_y = -2},
    {.bitmap_index = 2848, .adv_w = 174, .box_w = 9, .box_h = 8, .ofs_x = 1, .ofs_y = -2},
    {.bitmap_index = 2857, .adv_w = 174, .box_w = 9, .box_h = 10, .ofs_x = 1, .ofs_y = -2},
    {.bitmap_index = 2869, .adv_w = 0, .box_w = 3, .box_h = 3, .ofs_x = 1, .ofs_y = 8},
    {.bitmap_index = 2871, .adv_w = 0, .box_w = 3, .box_h = 3, .ofs_x = 0, .ofs_y = 8},
    {.bitmap_index = 2873, .adv_w = 219, .box_w = 12, .box_h = 9, .ofs_x = 1, .ofs_y = -2},
    {.bitmap_index = 2887, .adv_w = 81, .box_w = 4, .box_h = 11, .ofs_x = 0, .ofs_y = -2},
    {.bitmap_index = 2893, .adv_w = 198, .box_w = 11, .box_h = 10, .ofs_x = 1, .ofs_y = 0},
    {.bitmap_index = 2907, .adv_w = 198, .box_w = 11, .box_h = 11, .ofs_x = 1, .ofs_y = 0},
    {.bitmap_index = 2923, .adv_w = 174, .box_w = 9, .box_h = 8, .ofs_x = 1, .ofs_y = -2},
    {.bitmap_index = 2932, .adv_w = 0, .box_w = 5, .box_h = 2, .ofs_x = -4, .ofs_y = 10},
    {.bitmap_index = 2934, .adv_w = 0, .box_w = 1, .box_h = 1, .ofs_x = -2, .ofs_y = 10},
    {.bitmap_index = 2935, .adv_w = 42, .box_w = 3, .box_h = 8, .ofs_x = 0, .ofs_y = 1},
    {.bitmap_index = 2938, .adv_w = 154, .box_w = 10, .box_h = 9, .ofs_x = 0, .ofs_y = 0},
    {.bitmap_index = 2950, .adv_w = 206, .box_w = 13, .box_h = 9, .ofs_x = 0, .ofs_y = 0},
    {.bitmap_index = 2965, .adv_w = 107, .box_w = 7, .box_h = 11, .ofs_x = 0, .ofs_y = -2},
    {.bitmap_index = 2975, .adv_w = 113, .box_w = 7, .box_h = 9, .ofs_x = 0, .ofs_y = 0},
    {.bitmap_index = 2983, .adv_w = 115, .box_w = 7, .box_h = 10, .ofs_x = 0, .ofs_y = -1},
    {.bitmap_index = 2992, .adv_w = 157, .box_w = 10, .box_h = 9, .ofs_x = 0, .ofs_y = 0},
    {.bitmap_index = 3004, .adv_w = 168, .box_w = 11, .box_h = 9, .ofs_x = 0, .ofs_y = 0},
    {.bitmap_index = 3017, .adv_w = 116, .box_w = 7, .box_h = 9, .ofs_x = 0, .ofs_y = 0},
    {.bitmap_index = 3025, .adv_w = 130, .box_w = 8, .box_h = 9, .ofs_x = 0, .ofs_y = 0},
    {.bitmap_index = 3034, .adv_w = 152, .box_w = 10, .box_h = 9, .ofs_x = 0, .ofs_y = 0},
    {.bitmap_index = 3046, .adv_w = 106, .box_w = 7, .box_h = 9, .ofs_x = 0, .ofs_y = 0},
    {.bitmap_index = 3054, .adv_w = 112, .box_w = 7, .box_h = 9, .ofs_x = 0, .ofs_y = 0},
    {.bitmap_index = 3062, .adv_w = 149, .box_w = 10, .box_h = 9, .ofs_x = 0, .ofs_y = 0},
    {.bitmap_index = 3074, .adv_w = 117, .box_w = 8, .box_h = 9, .ofs_x = 0, .ofs_y = 0},
    {.bitmap_index = 3083, .adv_w = 132, .box_w = 7, .box_h = 9, .ofs_x = 1, .ofs_y = 0},
    {.bitmap_index = 3091, .adv_w = 111, .box_w = 7, .box_h = 10, .ofs_x = 0, .ofs_y = -1},
    {.bitmap_index = 3100, .adv_w = 129, .box_w = 7, .box_h = 9, .ofs_x = 1, .ofs_y = 0},
    {.bitmap_index = 3108, .adv_w = 112, .box_w = 7, .box_h = 9, .ofs_x = 0, .ofs_y = 0},
    {.bitmap_index = 3116, .adv_w = 120, .box_w = 8, .box_h = 9, .ofs_x = 0, .ofs_y = 0},
    {.bitmap_index = 3125, .adv_w = 161, .box_w = 10, .box_h = 9, .ofs_x = 0, .ofs_y = 0},
    {.bitmap_index = 3137, .adv_w = 116, .box_w = 7, .box_h = 9, .ofs_x = 0, .ofs_y = 0},
    {.bitmap_index = 3145, .adv_w = 144, .box_w = 8, .box_h = 9, .ofs_x = 1, .ofs_y = 0},
    {.bitmap_index = 3154, .adv_w = 122, .box_w = 8, .box_h = 9, .ofs_x = 0, .ofs_y = 0},
    {.bitmap_index = 3163, .adv_w = 120, .box_w = 8, .box_h = 9, .ofs_x = 0, .ofs_y = 0},
    {.bitmap_index = 3172, .adv_w = 84, .box_w = 5, .box_h = 9, .ofs_x = 0, .ofs_y = 0},
    {.bitmap_index = 3178, .adv_w = 139, .box_w = 9, .box_h = 9, .ofs_x = 0, .ofs_y = 0},
    {.bitmap_index = 3189, .adv_w = 114, .box_w = 7, .box_h = 9, .ofs_x = 0, .ofs_y = 0},
    {.bitmap_index = 3197, .adv_w = 140, .box_w = 9, .box_h = 9, .ofs_x = 0, .ofs_y = 0},
    {.bitmap_index = 3208, .adv_w = 121, .box_w = 8, .box_h = 9, .ofs_x = 0, .ofs_y = 0},
    {.bitmap_index = 3217, .adv_w = 139, .box_w = 9, .box_h = 9, .ofs_x = 0, .ofs_y = 0},
    {.bitmap_index = 3228, .adv_w = 111, .box_w = 7, .box_h = 11, .ofs_x = 0, .ofs_y = -2},
    {.bitmap_index = 3238, .adv_w = 0, .box_w = 1, .box_h = 1, .ofs_x = -4, .ofs_y = -2},
    {.bitmap_index = 3239, .adv_w = 52, .box_w = 3, .box_h = 9, .ofs_x = 0, .ofs_y = 0},
    {.bitmap_index = 3243, .adv_w = 52, .box_w = 9, .box_h = 13, .ofs_x = 0, .ofs_y = 0},
    {.bitmap_index = 3258, .adv_w = 52, .box_w = 6, .box_h = 13, .ofs_x = -3, .ofs_y = 0},
    {.bitmap_index = 3268, .adv_w = 0, .box_w = 6, .box_h = 4, .ofs_x = -6, .ofs_y = -2},
    {.bitmap_index = 3271, .adv_w = 0, .box_w = 6, .box_h = 4, .ofs_x = -4, .ofs_y = -2},
    {.bitmap_index = 3274, .adv_w = 0, .box_w = 4, .box_h = 4, .ofs_x = -4, .ofs_y = -2},
    {.bitmap_index = 3276, .adv_w = 0, .box_w = 4, .box_h = 4, .ofs_x = -5, .ofs_y = 9},
    {.bitmap_index = 3278, .adv_w = 0, .box_w = 5, .box_h = 4, .ofs_x = -6, .ofs_y = 9},
    {.bitmap_index = 3281, .adv_w = 52, .box_w = 4, .box_h = 12, .ofs_x = -1, .ofs_y = 0},
    {.bitmap_index = 3287, .adv_w = 52, .box_w = 5, .box_h = 13, .ofs_x = -2, .ofs_y = 0},
    {.bitmap_index = 3296, .adv_w = 0, .box_w = 4, .box_h = 2, .ofs_x = -2, .ofs_y = -2},
    {.bitmap_index = 3297, .adv_w = 131, .box_w = 6, .box_h = 8, .ofs_x = 1, .ofs_y = 0},
    {.bitmap_index = 3303, .adv_w = 120, .box_w = 5, .box_h = 8, .ofs_x = 1, .ofs_y = 0},
    {.bitmap_index = 3308, .adv_w = 135, .box_w = 6, .box_h = 8, .ofs_x = 1, .ofs_y = 0},
    {.bitmap_index = 3314, .adv_w = 118, .box_w = 6, .box_h = 8, .ofs_x = 0, .ofs_y = 0},
    {.bitmap_index = 3320, .adv_w = 117, .box_w = 5, .box_h = 8, .ofs_x = 1, .ofs_y = 0},
    {.bitmap_index = 3325, .adv_w = 134, .box_w = 6, .box_h = 8, .ofs_x = 1, .ofs_y = 0},
    {.bitmap_index = 3331, .adv_w = 120, .box_w = 5, .box_h = 8, .ofs_x = 1, .ofs_y = 0},
    {.bitmap_index = 3336, .adv_w = 121, .box_w = 5, .box_h = 8, .ofs_x = 1, .ofs_y = 0},
    {.bitmap_index = 3341, .adv_w = 202, .box_w = 10, .box_h = 8, .ofs_x = 1, .ofs_y = 0},
    {.bitmap_index = 3351, .adv_w = 136, .box_w = 6, .box_h = 8, .ofs_x = 1, .ofs_y = 0},
    {.bitmap_index = 3357, .adv_w = 140, .box_w = 6, .box_h = 8, .ofs_x = 1, .ofs_y = 0},
    {.bitmap_index = 3363, .adv_w = 130, .box_w = 6, .box_h = 8, .ofs_x = 1, .ofs_y = 0},
    {.bitmap_index = 3369, .adv_w = 136, .box_w = 6, .box_h = 8, .ofs_x = 1, .ofs_y = 0},
    {.bitmap_index = 3375, .adv_w = 136, .box_w = 6, .box_h = 8, .ofs_x = 1, .ofs_y = 0},
    {.bitmap_index = 3381, .adv_w = 133, .box_w = 6, .box_h = 8, .ofs_x = 1, .ofs_y = 0},
    {.bitmap_index = 3387, .adv_w = 134, .box_w = 6, .box_h = 10, .ofs_x = 1, .ofs_y = 0},
    {.bitmap_index = 3395, .adv_w = 144, .box_w = 7, .box_h = 8, .ofs_x = 1, .ofs_y = 0},
    {.bitmap_index = 3402, .adv_w = 153, .box_w = 8, .box_h = 8, .ofs_x = 1, .ofs_y = 0},
    {.bitmap_index = 3410, .adv_w = 152, .box_w = 8, .box_h = 10, .ofs_x = 1, .ofs_y = 0},
    {.bitmap_index = 3420, .adv_w = 130, .box_w = 7, .box_h = 8, .ofs_x = 0, .ofs_y = 0},
    {.bitmap_index = 3427, .adv_w = 136, .box_w = 6, .box_h = 8, .ofs_x = 1, .ofs_y = 0},
    {.bitmap_index = 3433, .adv_w = 131, .box_w = 6, .box_h = 8, .ofs_x = 1, .ofs_y = 0},
    {.bitmap_index = 3439, .adv_w = 106, .box_w = 5, .box_h = 8, .ofs_x = 1, .ofs_y = 0},
    {.bitmap_index = 3444, .adv_w = 126, .box_w = 6, .box_h = 8, .ofs_x = 1, .ofs_y = 0},
    {.bitmap_index = 3450, .adv_w = 109, .box_w = 5, .box_h = 8, .ofs_x = 1, .ofs_y = 0},
    {.bitmap_index = 3455, .adv_w = 126, .box_w = 6, .box_h = 8, .ofs_x = 1, .ofs_y = 0},
    {.bitmap_index = 3461, .adv_w = 129, .box_w = 6, .box_h = 8, .ofs_x = 1, .ofs_y = 0},
    {.bitmap_index = 3467, .adv_w = 127, .box_w = 6, .box_h = 8, .ofs_x = 1, .ofs_y = 0},
    {.bitmap_index = 3473, .adv_w = 124, .box_w = 6, .box_h = 8, .ofs_x = 1, .ofs_y = 0},
    {.bitmap_index = 3479, .adv_w = 75, .box_w = 3, .box_h = 6, .ofs_x = 1, .ofs_y = 1},
    {.bitmap_index = 3482, .adv_w = 0, .box_w = 4, .box_h = 1, .ofs_x = -4, .ofs_y = 9},
    {.bitmap_index = 3483, .adv_w = 91, .box_w = 4, .box_h = 8, .ofs_x = 0, .ofs_y = 0},
    {.bitmap_index = 3487, .adv_w = 91, .box_w = 7, .box_h = 11, .ofs_x = -3, .ofs_y = 0},
    {.bitmap_index = 3497, .adv_w = 0, .box_w = 6, .box_h = 1, .ofs_x = -7, .ofs_y = 9},
    {.bitmap_index = 3498, .adv_w = 0, .box_w = 6, .box_h = 2, .ofs_x = -7, .ofs_y = 9},
    {.bitmap_index = 3500, .adv_w = 0, .box_w = 6, .box_h = 2, .ofs_x = -7, .ofs_y = 9},
    {.bitmap_index = 3502, .adv_w = 0, .box_w = 6, .box_h = 2, .ofs_x = -7, .ofs_y = 9},
    {.bitmap_index = 3504, .adv_w = 0, .box_w = 2, .box_h = 3, .ofs_x = -3, .ofs_y = -2},
    {.bitmap_index = 3505, .adv_w = 0, .box_w = 4, .box_h = 3, .ofs_x = -5, .ofs_y = -2},
    {.bitmap_index = 3507, .adv_w = 60, .box_w = 2, .box_h = 8, .ofs_x = 1, .ofs_y = 0},
    {.bitmap_index = 3509, .adv_w = 116, .box_w = 6, .box_h = 8, .ofs_x = 1, .ofs_y = 0},
    {.bitmap_index = 3515, .adv_w = 61, .box_w = 4, .box_h = 11, .ofs_x = 0, .ofs_y = 0},
    {.bitmap_index = 3521, .adv_w = 60, .box_w = 3, .box_h = 11, .ofs_x = 0, .ofs_y = 0},
    {.bitmap_index = 3526, .adv_w = 58, .box_w = 3, .box_h = 11, .ofs_x = 0, .ofs_y = 0},
    {.bitmap_index = 3531, .adv_w = 0, .box_w = 5, .box_h = 3, .ofs_x = -6, .ofs_y = 9},
    {.bitmap_index = 3533, .adv_w = 0, .box_w = 1, .box_h = 3, .ofs_x = -2, .ofs_y = 9},
    {.bitmap_index = 3534, .adv_w = 0, .box_w = 4, .box_h = 3, .ofs_x = -5, .ofs_y = 9},
    {.bitmap_index = 3536, .adv_w = 0, .box_w = 3, .box_h = 1, .ofs_x = -4, .ofs_y = 9},
    {.bitmap_index = 3537, .adv_w = 117, .box_w = 5, .box_h = 10, .ofs_x = 1, .ofs_y = -2},
    {.bitmap_index = 3544, .adv_w = 117, .box_w = 5, .box_h = 11, .ofs_x = 1, .ofs_y = 0},
    {.bitmap_index = 3551, .adv_w = 117, .box_w = 6, .box_h = 11, .ofs_x = 1, .ofs_y = 0},
    {.bitmap_index = 3560, .adv_w = 117, .box_w = 5, .box_h = 11, .ofs_x = 1, .ofs_y = 0},
    {.bitmap_index = 3567, .adv_w = 117, .box_w = 5, .box_h = 13, .ofs_x = 1, .ofs_y = -2},
    {.bitmap_index = 3576, .adv_w = 117, .box_w = 5, .box_h = 12, .ofs_x = 1, .ofs_y = 0},
    {.bitmap_index = 3584, .adv_w = 122, .box_w = 6, .box_h = 11, .ofs_x = 1, .ofs_y = 0},
    {.bitmap_index = 3593, .adv_w = 122, .box_w = 6, .box_h = 10, .ofs_x = 1, .ofs_y = 0},
    {.bitmap_index = 3601, .adv_w = 122, .box_w = 6, .box_h = 11, .ofs_x = 1, .ofs_y = 0},
    {.bitmap_index = 3610, .adv_w = 122, .box_w = 6, .box_h = 12, .ofs_x = 1, .ofs_y = 0},
    {.bitmap_index = 3619, .adv_w = 122, .box_w = 6, .box_h = 13, .ofs_x = 1, .ofs_y = -2},
    {.bitmap_index = 3629, .adv_w = 49, .box_w = 1, .box_h = 12, .ofs_x = 1, .ofs_y = -2},
    {.bitmap_index = 3631, .adv_w = 130, .box_w = 6, .box_h = 11, .ofs_x = 1, .ofs_y = 0},
    {.bitmap_index = 3640, .adv_w = 130, .box_w = 6, .box_h = 11, .ofs_x = 1, .ofs_y = 0},
    {.bitmap_index = 3649, .adv_w = 130, .box_w = 6, .box_h = 12, .ofs_x = 1, .ofs_y = 0},
    {.bitmap_index = 3658, .adv_w = 130, .box_w = 6, .box_h = 13, .ofs_x = 1, .ofs_y = -2},
    {.bitmap_index = 3668, .adv_w = 129, .box_w = 7, .box_h = 11, .ofs_x = 1, .ofs_y = 0},
    {.bitmap_index = 3678, .adv_w = 129, .box_w = 7, .box_h = 11, .ofs_x = 1, .ofs_y = 0},
    {.bitmap_index = 3688, .adv_w = 129, .box_w = 7, .box_h = 11, .ofs_x = 1, .ofs_y = 0},
    {.bitmap_index = 3698, .adv_w = 129, .box_w = 7, .box_h = 11, .ofs_x = 1, .ofs_y = -2},
    {.bitmap_index = 3708, .adv_w = 130, .box_w = 6, .box_h = 9, .ofs_x = 1, .ofs_y = -2},
    {.bitmap_index = 3715, .adv_w = 130, .box_w = 6, .box_h = 11, .ofs_x = 1, .ofs_y = 0},
    {.bitmap_index = 3724, .adv_w = 133, .box_w = 8, .box_h = 11, .ofs_x = 1, .ofs_y = 0},
    {.bitmap_index = 3735, .adv_w = 0, .box_w = 1, .box_h = 1, .ofs_x = 0, .ofs_y = 0},
    {.bitmap_index = 3736, .adv_w = 224, .box_w = 4, .box_h = 4, .ofs_x = 1, .ofs_y = -1},
    {.bitmap_index = 3738, .adv_w = 224, .box_w = 4, .box_h = 4, .ofs_x = 1, .ofs_y = -1},
    {.bitmap_index = 3740, .adv_w = 224, .box_w = 11, .box_h = 10, .ofs_x = 2, .ofs_y = 0},
    {.bitmap_index = 3754, .adv_w = 224, .box_w = 8, .box_h = 12, .ofs_x = 3, .ofs_y = -1},
    {.bitmap_index = 3766, .adv_w = 224, .box_w = 11, .box_h = 11, .ofs_x = 2, .ofs_y = 0},
    {.bitmap_index = 3782, .adv_w = 224, .box_w = 11, .box_h = 11, .ofs_x = 2, .ofs_y = 0},
    {.bitmap_index = 3798, .adv_w = 224, .box_w = 12, .box_h = 11, .ofs_x = 1, .ofs_y = 0},
    {.bitmap_index = 3815, .adv_w = 224, .box_w = 13, .box_h = 12, .ofs_x = 1, .ofs_y = 0},
    {.bitmap_index = 3835, .adv_w = 224, .box_w = 10, .box_h = 12, .ofs_x = 2, .ofs_y = -1},
    {.bitmap_index = 3850, .adv_w = 224, .box_w = 7, .box_h = 12, .ofs_x = 3, .ofs_y = -1},
    {.bitmap_index = 3861, .adv_w = 224, .box_w = 9, .box_h = 10, .ofs_x = 3, .ofs_y = 0},
    {.bitmap_index = 3873, .adv_w = 224, .box_w = 10, .box_h = 11, .ofs_x = 2, .ofs_y = 0},
    {.bitmap_index = 3887, .adv_w = 224, .box_w = 8, .box_h = 12, .ofs_x = 4, .ofs_y = -1},
    {.bitmap_index = 3899, .adv_w = 224, .box_w = 12, .box_h = 12, .ofs_x = 1, .ofs_y = -1},
    {.bitmap_index = 3917, .adv_w = 224, .box_w = 12, .box_h = 11, .ofs_x = 1, .ofs_y = 0},
    {.bitmap_index = 3934, .adv_w = 224, .box_w = 11, .box_h = 11, .ofs_x = 2, .ofs_y = 0},
    {.bitmap_index = 3950, .adv_w = 224, .box_w = 12, .box_h = 12, .ofs_x = 1, .ofs_y = -1},
    {.bitmap_index = 3968, .adv_w = 224, .box_w = 10, .box_h = 11, .ofs_x = 2, .ofs_y = 0},
    {.bitmap_index = 3982, .adv_w = 224, .box_w = 10, .box_h = 7, .ofs_x = 2, .ofs_y = 0},
    {.bitmap_index = 3991, .adv_w = 224, .box_w = 11, .box_h = 9, .ofs_x = 1, .ofs_y = 0},
    {.bitmap_index = 4004, .adv_w = 224, .box_w = 11, .box_h = 10, .ofs_x = 1, .ofs_y = 0},
    {.bitmap_index = 4018, .adv_w = 224, .box_w = 12, .box_h = 10, .ofs_x = 1, .ofs_y = 0},
    {.bitmap_index = 4033, .adv_w = 224, .box_w = 11, .box_h = 12, .ofs_x = 2, .ofs_y = -1},
    {.bitmap_index = 4050, .adv_w = 224, .box_w = 10, .box_h = 10, .ofs_x = 2, .ofs_y = 0},
    {.bitmap_index = 4063, .adv_w = 224, .box_w = 12, .box_h = 10, .ofs_x = 1, .ofs_y = 0},
    {.bitmap_index = 4078, .adv_w = 224, .box_w = 11, .box_h = 11, .ofs_x = 2, .ofs_y = 0},
    {.bitmap_index = 4094, .adv_w = 224, .box_w = 9, .box_h = 11, .ofs_x = 3, .ofs_y = 0},
    {.bitmap_index = 4107, .adv_w = 224, .box_w = 12, .box_h = 11, .ofs_x = 1, .ofs_y = -1},
    {.bitmap_index = 4124, .adv_w = 224, .box_w = 11, .box_h = 11, .ofs_x = 1, .ofs_y = 0},
    {.bitmap_index = 4140, .adv_w = 224, .box_w = 8, .box_h = 12, .ofs_x = 3, .ofs_y = -1},
    {.bitmap_index = 4152, .adv_w = 224, .box_w = 13, .box_h = 11, .ofs_x = 1, .ofs_y = 0},
    {.bitmap_index = 4170, .adv_w = 224, .box_w = 10, .box_h = 11, .ofs_x = 2, .ofs_y = 0},
    {.bitmap_index = 4184, .adv_w = 224, .box_w = 12, .box_h = 11, .ofs_x = 1, .ofs_y = 0},
    {.bitmap_index = 4201, .adv_w = 224, .box_w = 11, .box_h = 10, .ofs_x = 2, .ofs_y = 0},
    {.bitmap_index = 4215, .adv_w = 224, .box_w = 9, .box_h = 9, .ofs_x = 2, .ofs_y = -1},
    {.bitmap_index = 4226, .adv_w = 224, .box_w = 11, .box_h = 11, .ofs_x = 1, .ofs_y = 0},
    {.bitmap_index = 4242, .adv_w = 224, .box_w = 10, .box_h = 11, .ofs_x = 2, .ofs_y = 0},
    {.bitmap_index = 4256, .adv_w = 224, .box_w = 12, .box_h = 8, .ofs_x = 1, .ofs_y = 1},
    {.bitmap_index = 4268, .adv_w = 224, .box_w = 9, .box_h = 9, .ofs_x = 3, .ofs_y = -1},
    {.bitmap_index = 4279, .adv_w = 224, .box_w = 10, .box_h = 11, .ofs_x = 2, .ofs_y = 0},
    {.bitmap_index = 4293, .adv_w = 224, .box_w = 10, .box_h = 11, .ofs_x = 2, .ofs_y = 0},
    {.bitmap_index = 4307, .adv_w = 224, .box_w = 10, .box_h = 11, .ofs_x = 2, .ofs_y = 0},
    {.bitmap_index = 4321, .adv_w = 224, .box_w = 10, .box_h = 11, .ofs_x = 2, .ofs_y = 0},
    {.bitmap_index = 4335, .adv_w = 224, .box_w = 12, .box_h = 13, .ofs_x = 1, .ofs_y = -1},
    {.bitmap_index = 4355, .adv_w = 224, .box_w = 12, .box_h = 11, .ofs_x = 1, .ofs_y = 0},
    {.bitmap_index = 4372, .adv_w = 224, .box_w = 12, .box_h = 12, .ofs_x = 1, .ofs_y = -1},
    {.bitmap_index = 4390, .adv_w = 224, .box_w = 11, .box_h = 11, .ofs_x = 2, .ofs_y = 0},
    {.bitmap_index = 4406, .adv_w = 224, .box_w = 11, .box_h = 11, .ofs_x = 2, .ofs_y = 0},
    {.bitmap_index = 4422, .adv_w = 224, .box_w = 10, .box_h = 10, .ofs_x = 2, .ofs_y = 0},
    {.bitmap_index = 4435, .adv_w = 224, .box_w = 11, .box_h = 11, .ofs_x = 1, .ofs_y = 0},
    {.bitmap_index = 4451, .adv_w = 224, .box_w = 10, .box_h = 11, .ofs_x = 2, .ofs_y = 0},
    {.bitmap_index = 4465, .adv_w = 224, .box_w = 12, .box_h = 13, .ofs_x = 1, .ofs_y = -1},
    {.bitmap_index = 4485, .adv_w = 224, .box_w = 9, .box_h = 9, .ofs_x = 3, .ofs_y = -1},
    {.bitmap_index = 4496, .adv_w = 224, .box_w = 12, .box_h = 10, .ofs_x = 1, .ofs_y = 0},
    {.bitmap_index = 4511, .adv_w = 224, .box_w = 13, .box_h = 13, .ofs_x = 1, .ofs_y = -1},
    {.bitmap_index = 4533, .adv_w = 224, .box_w = 7, .box_h = 11, .ofs_x = 5, .ofs_y = 0},
    {.bitmap_index = 4543, .adv_w = 224, .box_w = 8, .box_h = 10, .ofs_x = 4, .ofs_y = 0},
    {.bitmap_index = 4553, .adv_w = 224, .box_w = 11, .box_h = 8, .ofs_x = 1, .ofs_y = 1},
    {.bitmap_index = 4564, .adv_w = 224, .box_w = 12, .box_h = 11, .ofs_x = 1, .ofs_y = 0},
    {.bitmap_index = 4581, .adv_w = 224, .box_w = 12, .box_h = 11, .ofs_x = 1, .ofs_y = 0},
    {.bitmap_index = 4598, .adv_w = 224, .box_w = 10, .box_h = 10, .ofs_x = 2, .ofs_y = 0},
    {.bitmap_index = 4611, .adv_w = 224, .box_w = 11, .box_h = 12, .ofs_x = 2, .ofs_y = 0},
    {.bitmap_index = 4628, .adv_w = 224, .box_w = 12, .box_h = 11, .ofs_x = 2, .ofs_y = 0},
    {.bitmap_index = 4645, .adv_w = 224, .box_w = 12, .box_h = 9, .ofs_x = 1, .ofs_y = 1},
    {.bitmap_index = 4659, .adv_w = 224, .box_w = 11, .box_h = 9, .ofs_x = 2, .ofs_y = 0},
    {.bitmap_index = 4672, .adv_w = 224, .box_w = 9, .box_h = 10, .ofs_x = 2, .ofs_y = 0},
    {.bitmap_index = 4684, .adv_w = 224, .box_w = 12, .box_h = 11, .ofs_x = 1, .ofs_y = 0},
    {.bitmap_index = 4701, .adv_w = 224, .box_w = 11, .box_h = 10, .ofs_x = 2, .ofs_y = 0},
    {.bitmap_index = 4715, .adv_w = 224, .box_w = 10, .box_h = 9, .ofs_x = 2, .ofs_y = -1},
    {.bitmap_index = 4727, .adv_w = 224, .box_w = 10, .box_h = 7, .ofs_x = 2, .ofs_y = 0},
    {.bitmap_index = 4736, .adv_w = 224, .box_w = 8, .box_h = 9, .ofs_x = 3, .ofs_y = -1},
    {.bitmap_index = 4745, .adv_w = 224, .box_w = 10, .box_h = 10, .ofs_x = 2, .ofs_y = 0},
    {.bitmap_index = 4758, .adv_w = 224, .box_w = 8, .box_h = 10, .ofs_x = 3, .ofs_y = 0},
    {.bitmap_index = 4768, .adv_w = 224, .box_w = 12, .box_h = 10, .ofs_x = 1, .ofs_y = 0},
    {.bitmap_index = 4783, .adv_w = 224, .box_w = 9, .box_h = 10, .ofs_x = 3, .ofs_y = 0},
    {.bitmap_index = 4795, .adv_w = 224, .box_w = 10, .box_h = 9, .ofs_x = 2, .ofs_y = 0},
    {.bitmap_index = 4807, .adv_w = 224, .box_w = 10, .box_h = 10, .ofs_x = 2, .ofs_y = 0},
    {.bitmap_index = 4820, .adv_w = 224, .box_w = 11, .box_h = 10, .ofs_x = 2, .ofs_y = 0},
    {.bitmap_index = 4834, .adv_w = 224, .box_w = 10, .box_h = 1, .ofs_x = 2, .ofs_y = 5},
    {.bitmap_index = 4836, .adv_w = 224, .box_w = 12, .box_h = 1, .ofs_x = 1, .ofs_y = 5},
    {.bitmap_index = 4838, .adv_w = 224, .box_w = 12, .box_h = 12, .ofs_x = 1, .ofs_y = -1},
    {.bitmap_index = 4856, .adv_w = 224, .box_w = 12, .box_h = 12, .ofs_x = 1, .ofs_y = -1},
    {.bitmap_index = 4874, .adv_w = 224, .box_w = 11, .box_h = 13, .ofs_x = 1, .ofs_y = -1},
    {.bitmap_index = 4892, .adv_w = 224, .box_w = 11, .box_h = 12, .ofs_x = 1, .ofs_y = -1},
    {.bitmap_index = 4909, .adv_w = 224, .box_w = 13, .box_h = 13, .ofs_x = 0, .ofs_y = -1},
    {.bitmap_index = 4931, .adv_w = 224, .box_w = 13, .box_h = 13, .ofs_x = 0, .ofs_y = -1},
    {.bitmap_index = 4953, .adv_w = 224, .box_w = 13, .box_h = 13, .ofs_x = 0, .ofs_y = -1},
    {.bitmap_index = 4975, .adv_w = 224, .box_w = 12, .box_h = 13, .ofs_x = 1, .ofs_y = -1},
    {.bitmap_index = 4995, .adv_w = 224, .box_w = 12, .box_h = 13, .ofs_x = 1, .ofs_y = -1},
    {.bitmap_index = 5015, .adv_w = 224, .box_w = 12, .box_h = 13, .ofs_x = 1, .ofs_y = -1},
    {.bitmap_index = 5035, .adv_w = 224, .box_w = 12, .box_h = 13, .ofs_x = 1, .ofs_y = -1},
    {.bitmap_index = 5055, .adv_w = 224, .box_w = 12, .box_h = 13, .ofs_x = 1, .ofs_y = -1},
    {.bitmap_index = 5075, .adv_w = 224, .box_w = 12, .box_h = 12, .ofs_x = 1, .ofs_y = -1},
    {.bitmap_index = 5093, .adv_w = 224, .box_w = 12, .box_h = 13, .ofs_x = 1, .ofs_y = -1},
    {.bitmap_index = 5113, .adv_w = 224, .box_w = 12, .box_h = 13, .ofs_x = 1, .ofs_y = -1},
    {.bitmap_index = 5133, .adv_w = 224, .box_w = 12, .box_h = 12, .ofs_x = 1, .ofs_y = -1},
    {.bitmap_index = 5151, .adv_w = 224, .box_w = 10, .box_h = 13, .ofs_x = 2, .ofs_y = -1},
    {.bitmap_index = 5168, .adv_w = 224, .box_w = 13, .box_h = 12, .ofs_x = 0, .ofs_y = -1},
    {.bitmap_index = 5188, .adv_w = 224, .box_w = 12, .box_h = 13, .ofs_x = 1, .ofs_y = -1},
    {.bitmap_index = 5208, .adv_w = 224, .box_w = 13, .box_h = 13, .ofs_x = 0, .ofs_y = -1},
    {.bitmap_index = 5230, .adv_w = 224, .box_w = 12, .box_h = 12, .ofs_x = 1, .ofs_y = -1},
    {.bitmap_index = 5248, .adv_w = 224, .box_w = 12, .box_h = 12, .ofs_x = 1, .ofs_y = -1},
    {.bitmap_index = 5266, .adv_w = 224, .box_w = 13, .box_h = 12, .ofs_x = 0, .ofs_y = -1},
    {.bitmap_index = 5286, .adv_w = 224, .box_w = 12, .box_h = 13, .ofs_x = 1, .ofs_y = -1},
    {.bitmap_index = 5306, .adv_w = 224, .box_w = 12, .box_h = 13, .ofs_x = 1, .ofs_y = -1},
    {.bitmap_index = 5326, .adv_w = 224, .box_w = 13, .box_h = 13, .ofs_x = 1, .ofs_y = -1},
    {.bitmap_index = 5348, .adv_w = 224, .box_w = 12, .box_h = 13, .ofs_x = 1, .ofs_y = -1},
    {.bitmap_index = 5368, .adv_w = 224, .box_w = 12, .box_h = 12, .ofs_x = 1, .ofs_y = -1},
    {.bitmap_index = 5386, .adv_w = 224, .box_w = 12, .box_h = 13, .ofs_x = 1, .ofs_y = -1},
    {.bitmap_index = 5406, .adv_w = 224, .box_w = 12, .box_h = 13, .ofs_x = 1, .ofs_y = -1},
    {.bitmap_index = 5426, .adv_w = 224, .box_w = 12, .box_h = 13, .ofs_x = 1, .ofs_y = -1},
    {.bitmap_index = 5446, .adv_w = 224, .box_w = 12, .box_h = 12, .ofs_x = 1, .ofs_y = -1},
    {.bitmap_index = 5464, .adv_w = 224, .box_w = 12, .box_h = 12, .ofs_x = 1, .ofs_y = -1},
    {.bitmap_index = 5482, .adv_w = 224, .box_w = 12, .box_h = 13, .ofs_x = 1, .ofs_y = -1},
    {.bitmap_index = 5502, .adv_w = 224, .box_w = 11, .box_h = 13, .ofs_x = 1, .ofs_y = -1},
    {.bitmap_index = 5520, .adv_w = 224, .box_w = 12, .box_h = 13, .ofs_x = 1, .ofs_y = -1},
    {.bitmap_index = 5540, .adv_w = 224, .box_w = 12, .box_h = 13, .ofs_x = 1, .ofs_y = -1},
    {.bitmap_index = 5560, .adv_w = 224, .box_w = 12, .box_h = 13, .ofs_x = 1, .ofs_y = -1},
    {.bitmap_index = 5580, .adv_w = 224, .box_w = 12, .box_h = 12, .ofs_x = 1, .ofs_y = -1},
    {.bitmap_index = 5598, .adv_w = 224, .box_w = 12, .box_h = 13, .ofs_x = 1, .ofs_y = -1},
    {.bitmap_index = 5618, .adv_w = 224, .box_w = 12, .box_h = 12, .ofs_x = 1, .ofs_y = -1},
    {.bitmap_index = 5636, .adv_w = 224, .box_w = 12, .box_h = 13, .ofs_x = 1, .ofs_y = -1},
    {.bitmap_index = 5656, .adv_w = 224, .box_w = 12, .box_h = 13, .ofs_x = 1, .ofs_y = -1},
    {.bitmap_index = 5676, .adv_w = 224, .box_w = 12, .box_h = 13, .ofs_x = 1, .ofs_y = -1},
    {.bitmap_index = 5696, .adv_w = 224, .box_w = 12, .box_h = 13, .ofs_x = 1, .ofs_y = -1},
    {.bitmap_index = 5716, .adv_w = 224, .box_w = 12, .box_h = 13, .ofs_x = 1, .ofs_y = -1},
    {.bitmap_index = 5736, .adv_w = 224, .box_w = 13, .box_h = 13, .ofs_x = 0, .ofs_y = -1},
    {.bitmap_index = 5758, .adv_w = 224, .box_w = 12, .box_h = 13, .ofs_x = 1, .ofs_y = -1},
    {.bitmap_index = 5778, .adv_w = 224, .box_w = 12, .box_h = 13, .ofs_x = 1, .ofs_y = -1},
    {.bitmap_index = 5798, .adv_w = 224, .box_w = 12, .box_h = 13, .ofs_x = 1, .ofs_y = -1},
    {.bitmap_index = 5818, .adv_w = 224, .box_w = 12, .box_h = 12, .ofs_x = 1, .ofs_y = -1},
    {.bitmap_index = 5836, .adv_w = 224, .box_w = 12, .box_h = 13, .ofs_x = 1, .ofs_y = -1},
    {.bitmap_index = 5856, .adv_w = 224, .box_w = 12, .box_h = 13, .ofs_x = 1, .ofs_y = -1},
    {.bitmap_index = 5876, .adv_w = 224, .box_w = 12, .box_h = 12, .ofs_x = 1, .ofs_y = -1},
    {.bitmap_index = 5894, .adv_w = 224, .box_w = 12, .box_h = 13, .ofs_x = 1, .ofs_y = -1},
    {.bitmap_index = 5914, .adv_w = 224, .box_w = 12, .box_h = 12, .ofs_x = 1, .ofs_y = -1},
    {.bitmap_index = 5932, .adv_w = 224, .box_w = 12, .box_h = 13, .ofs_x = 1, .ofs_y = -1},
    {.bitmap_index = 5952, .adv_w = 224, .box_w = 12, .box_h = 13, .ofs_x = 1, .ofs_y = -1},
    {.bitmap_index = 5972, .adv_w = 224, .box_w = 12, .box_h = 12, .ofs_x = 1, .ofs_y = -1},
    {.bitmap_index = 5990, .adv_w = 224, .box_w = 12, .box_h = 13, .ofs_x = 1, .ofs_y = -1},
    {.bitmap_index = 6010, .adv_w = 224, .box_w = 12, .box_h = 12, .ofs_x = 1, .ofs_y = -1},
    {.bitmap_index = 6028, .adv_w = 224, .box_w = 12, .box_h = 13, .ofs_x = 1, .ofs_y = -1},
    {.bitmap_index = 6048, .adv_w = 224, .box_w = 13, .box_h = 13, .ofs_x = 1, .ofs_y = -1},
    {.bitmap_index = 6070, .adv_w = 224, .box_w = 12, .box_h = 13, .ofs_x = 1, .ofs_y = -1},
    {.bitmap_index = 6090, .adv_w = 224, .box_w = 12, .box_h = 13, .ofs_x = 1, .ofs_y = -1},
    {.bitmap_index = 6110, .adv_w = 224, .box_w = 12, .box_h = 13, .ofs_x = 1, .ofs_y = -1},
    {.bitmap_index = 6130, .adv_w = 224, .box_w = 13, .box_h = 13, .ofs_x = 0, .ofs_y = -1},
    {.bitmap_index = 6152, .adv_w = 224, .box_w = 12, .box_h = 13, .ofs_x = 1, .ofs_y = -1},
    {.bitmap_index = 6172, .adv_w = 224, .box_w = 12, .box_h = 13, .ofs_x = 1, .ofs_y = -1},
    {.bitmap_index = 6192, .adv_w = 224, .box_w = 12, .box_h = 13, .ofs_x = 1, .ofs_y = -1},
    {.bitmap_index = 6212, .adv_w = 224, .box_w = 12, .box_h = 13, .ofs_x = 1, .ofs_y = -1},
    {.bitmap_index = 6232, .adv_w = 224, .box_w = 12, .box_h = 13, .ofs_x = 1, .ofs_y = -1},
    {.bitmap_index = 6252, .adv_w = 224, .box_w = 11, .box_h = 13, .ofs_x = 1, .ofs_y = -1},
    {.bitmap_index = 6270, .adv_w = 224, .box_w = 13, .box_h = 13, .ofs_x = 1, .ofs_y = -1},
    {.bitmap_index = 6292, .adv_w = 224, .box_w = 13, .box_h = 13, .ofs_x = 0, .ofs_y = -1},
    {.bitmap_index = 6314, .adv_w = 224, .box_w = 12, .box_h = 13, .ofs_x = 1, .ofs_y = -1},
    {.bitmap_index = 6334, .adv_w = 224, .box_w = 13, .box_h = 13, .ofs_x = 0, .ofs_y = -1},
    {.bitmap_index = 6356, .adv_w = 224, .box_w = 12, .box_h = 13, .ofs_x = 1, .ofs_y = -1},
    {.bitmap_index = 6376, .adv_w = 224, .box_w = 13, .box_h = 13, .ofs_x = 0, .ofs_y = -1},
    {.bitmap_index = 6398, .adv_w = 224, .box_w = 13, .box_h = 13, .ofs_x = 0, .ofs_y = -1},
    {.bitmap_index = 6420, .adv_w = 224, .box_w = 12, .box_h = 13, .ofs_x = 1, .ofs_y = -1},
    {.bitmap_index = 6440, .adv_w = 224, .box_w = 14, .box_h = 13, .ofs_x = 0, .ofs_y = -1},
    {.bitmap_index = 6463, .adv_w = 224, .box_w = 12, .box_h = 13, .ofs_x = 1, .ofs_y = -1},
    {.bitmap_index = 6483, .adv_w = 224, .box_w = 12, .box_h = 13, .ofs_x = 1, .ofs_y = -1},
    {.bitmap_index = 6503, .adv_w = 224, .box_w = 12, .box_h = 12, .ofs_x = 1, .ofs_y = -1},
    {.bitmap_index = 6521, .adv_w = 224, .box_w = 12, .box_h = 13, .ofs_x = 1, .ofs_y = -1},
    {.bitmap_index = 6541, .adv_w = 224, .box_w = 12, .box_h = 13, .ofs_x = 1, .ofs_y = -1},
    {.bitmap_index = 6561, .adv_w = 224, .box_w = 12, .box_h = 12, .ofs_x = 1, .ofs_y = -1},
    {.bitmap_index = 6579, .adv_w = 224, .box_w = 12, .box_h = 13, .ofs_x = 1, .ofs_y = -1},
    {.bitmap_index = 6599, .adv_w = 224, .box_w = 12, .box_h = 12, .ofs_x = 1, .ofs_y = -1},
    {.bitmap_index = 6617, .adv_w = 224, .box_w = 12, .box_h = 13, .ofs_x = 1, .ofs_y = -1},
    {.bitmap_index = 6637, .adv_w = 224, .box_w = 11, .box_h = 12, .ofs_x = 1, .ofs_y = -1},
    {.bitmap_index = 6654, .adv_w = 224, .box_w = 12, .box_h = 12, .ofs_x = 1, .ofs_y = -1},
    {.bitmap_index = 6672, .adv_w = 224, .box_w = 12, .box_h = 12, .ofs_x = 1, .ofs_y = -1},
    {.bitmap_index = 6690, .adv_w = 224, .box_w = 12, .box_h = 13, .ofs_x = 1, .ofs_y = -1},
    {.bitmap_index = 6710, .adv_w = 224, .box_w = 14, .box_h = 13, .ofs_x = 0, .ofs_y = -1},
    {.bitmap_index = 6733, .adv_w = 224, .box_w = 12, .box_h = 13, .ofs_x = 1, .ofs_y = -1},
    {.bitmap_index = 6753, .adv_w = 224, .box_w = 12, .box_h = 13, .ofs_x = 1, .ofs_y = -1},
    {.bitmap_index = 6773, .adv_w = 224, .box_w = 14, .box_h = 13, .ofs_x = 0, .ofs_y = -1},
    {.bitmap_index = 6796, .adv_w = 224, .box_w = 12, .box_h = 13, .ofs_x = 1, .ofs_y = -1},
    {.bitmap_index = 6816, .adv_w = 224, .box_w = 13, .box_h = 13, .ofs_x = 0, .ofs_y = -1},
    {.bitmap_index = 6838, .adv_w = 224, .box_w = 12, .box_h = 13, .ofs_x = 1, .ofs_y = -1},
    {.bitmap_index = 6858, .adv_w = 224, .box_w = 12, .box_h = 11, .ofs_x = 1, .ofs_y = 0},
    {.bitmap_index = 6875, .adv_w = 224, .box_w = 12, .box_h = 13, .ofs_x = 1, .ofs_y = -1},
    {.bitmap_index = 6895, .adv_w = 224, .box_w = 12, .box_h = 13, .ofs_x = 1, .ofs_y = -1},
    {.bitmap_index = 6915, .adv_w = 224, .box_w = 12, .box_h = 13, .ofs_x = 1, .ofs_y = -1},
    {.bitmap_index = 6935, .adv_w = 224, .box_w = 12, .box_h = 13, .ofs_x = 1, .ofs_y = -1},
    {.bitmap_index = 6955, .adv_w = 224, .box_w = 12, .box_h = 13, .ofs_x = 1, .ofs_y = -1},
    {.bitmap_index = 6975, .adv_w = 224, .box_w = 12, .box_h = 13, .ofs_x = 1, .ofs_y = -1},
    {.bitmap_index = 6995, .adv_w = 224, .box_w = 12, .box_h = 13, .ofs_x = 1, .ofs_y = -1},
    {.bitmap_index = 7015, .adv_w = 224, .box_w = 12, .box_h = 12, .ofs_x = 1, .ofs_y = -1},
    {.bitmap_index = 7033, .adv_w = 224, .box_w = 12, .box_h = 13, .ofs_x = 1, .ofs_y = -1},
    {.bitmap_index = 7053, .adv_w = 224, .box_w = 12, .box_h = 13, .ofs_x = 1, .ofs_y = -1},
    {.bitmap_index = 7073, .adv_w = 224, .box_w = 13, .box_h = 13, .ofs_x = 1, .ofs_y = -1},
    {.bitmap_index = 7095, .adv_w = 224, .box_w = 12, .box_h = 13, .ofs_x = 1, .ofs_y = -1},
    {.bitmap_index = 7115, .adv_w = 224, .box_w = 12, .box_h = 13, .ofs_x = 1, .ofs_y = -1},
    {.bitmap_index = 7135, .adv_w = 224, .box_w = 13, .box_h = 13, .ofs_x = 1, .ofs_y = -1},
    {.bitmap_index = 7157, .adv_w = 224, .box_w = 12, .box_h = 13, .ofs_x = 1, .ofs_y = -1},
    {.bitmap_index = 7177, .adv_w = 224, .box_w = 13, .box_h = 13, .ofs_x = 0, .ofs_y = -1},
    {.bitmap_index = 7199, .adv_w = 224, .box_w = 13, .box_h = 13, .ofs_x = 0, .ofs_y = -1},
    {.bitmap_index = 7221, .adv_w = 224, .box_w = 12, .box_h = 13, .ofs_x = 1, .ofs_y = -1},
    {.bitmap_index = 7241, .adv_w = 224, .box_w = 12, .box_h = 12, .ofs_x = 1, .ofs_y = -1},
    {.bitmap_index = 7259, .adv_w = 224, .box_w = 13, .box_h = 12, .ofs_x = 1, .ofs_y = -1},
    {.bitmap_index = 7279, .adv_w = 224, .box_w = 11, .box_h = 12, .ofs_x = 1, .ofs_y = -1},
    {.bitmap_index = 7296, .adv_w = 224, .box_w = 11, .box_h = 13, .ofs_x = 2, .ofs_y = -1},
    {.bitmap_index = 7314, .adv_w = 224, .box_w = 13, .box_h = 13, .ofs_x = 0, .ofs_y = -1},
    {.bitmap_index = 7336, .adv_w = 224, .box_w = 13, .box_h = 13, .ofs_x = 0, .ofs_y = -1},
    {.bitmap_index = 7358, .adv_w = 224, .box_w = 12, .box_h = 13, .ofs_x = 1, .ofs_y = -1},
    {.bitmap_index = 7378, .adv_w = 224, .box_w = 12, .box_h = 13, .ofs_x = 1, .ofs_y = -1},
    {.bitmap_index = 7398, .adv_w = 224, .box_w = 12, .box_h = 13, .ofs_x = 1, .ofs_y = -1},
    {.bitmap_index = 7418, .adv_w = 224, .box_w = 12, .box_h = 13, .ofs_x = 1, .ofs_y = -1},
    {.bitmap_index = 7438, .adv_w = 224, .box_w = 12, .box_h = 13, .ofs_x = 1, .ofs_y = -1},
    {.bitmap_index = 7458, .adv_w = 224, .box_w = 12, .box_h = 13, .ofs_x = 1, .ofs_y = -1},
    {.bitmap_index = 7478, .adv_w = 224, .box_w = 12, .box_h = 12, .ofs_x = 1, .ofs_y = -1},
    {.bitmap_index = 7496, .adv_w = 224, .box_w = 12, .box_h = 13, .ofs_x = 1, .ofs_y = -1},
    {.bitmap_index = 7516, .adv_w = 224, .box_w = 12, .box_h = 13, .ofs_x = 1, .ofs_y = -1},
    {.bitmap_index = 7536, .adv_w = 224, .box_w = 12, .box_h = 13, .ofs_x = 1, .ofs_y = -1},
    {.bitmap_index = 7556, .adv_w = 224, .box_w = 12, .box_h = 13, .ofs_x = 1, .ofs_y = -1},
    {.bitmap_index = 7576, .adv_w = 224, .box_w = 12, .box_h = 13, .ofs_x = 1, .ofs_y = -1},
    {.bitmap_index = 7596, .adv_w = 224, .box_w = 12, .box_h = 13, .ofs_x = 1, .ofs_y = -1},
    {.bitmap_index = 7616, .adv_w = 224, .box_w = 12, .box_h = 13, .ofs_x = 1, .ofs_y = -1},
    {.bitmap_index = 7636, .adv_w = 224, .box_w = 12, .box_h = 13, .ofs_x = 1, .ofs_y = -1},
    {.bitmap_index = 7656, .adv_w = 224, .box_w = 12, .box_h = 13, .ofs_x = 1, .ofs_y = -1},
    {.bitmap_index = 7676, .adv_w = 224, .box_w = 12, .box_h = 13, .ofs_x = 1, .ofs_y = -1},
    {.bitmap_index = 7696, .adv_w = 224, .box_w = 12, .box_h = 13, .ofs_x = 1, .ofs_y = -1},
    {.bitmap_index = 7716, .adv_w = 224, .box_w = 12, .box_h = 13, .ofs_x = 1, .ofs_y = -1},
    {.bitmap_index = 7736, .adv_w = 224, .box_w = 12, .box_h = 12, .ofs_x = 1, .ofs_y = -1},
    {.bitmap_index = 7754, .adv_w = 224, .box_w = 12, .box_h = 13, .ofs_x = 1, .ofs_y = -1},
    {.bitmap_index = 7774, .adv_w = 224, .box_w = 12, .box_h = 13, .ofs_x = 1, .ofs_y = -1},
    {.bitmap_index = 7794, .adv_w = 224, .box_w = 12, .box_h = 13, .ofs_x = 1, .ofs_y = -1},
    {.bitmap_index = 7814, .adv_w = 224, .box_w = 12, .box_h = 13, .ofs_x = 1, .ofs_y = -1},
    {.bitmap_index = 7834, .adv_w = 224, .box_w = 13, .box_h = 13, .ofs_x = 0, .ofs_y = -1},
    {.bitmap_index = 7856, .adv_w = 224, .box_w = 12, .box_h = 12, .ofs_x = 1, .ofs_y = -1},
    {.bitmap_index = 7874, .adv_w = 224, .box_w = 12, .box_h = 13, .ofs_x = 1, .ofs_y = -1},
    {.bitmap_index = 7894, .adv_w = 224, .box_w = 12, .box_h = 13, .ofs_x = 1, .ofs_y = -1},
    {.bitmap_index = 7914, .adv_w = 224, .box_w = 12, .box_h = 13, .ofs_x = 1, .ofs_y = -1},
    {.bitmap_index = 7934, .adv_w = 224, .box_w = 12, .box_h = 13, .ofs_x = 1, .ofs_y = -1},
    {.bitmap_index = 7954, .adv_w = 224, .box_w = 12, .box_h = 13, .ofs_x = 1, .ofs_y = -1},
    {.bitmap_index = 7974, .adv_w = 224, .box_w = 12, .box_h = 13, .ofs_x = 1, .ofs_y = -1},
    {.bitmap_index = 7994, .adv_w = 224, .box_w = 12, .box_h = 13, .ofs_x = 1, .ofs_y = -1},
    {.bitmap_index = 8014, .adv_w = 224, .box_w = 12, .box_h = 13, .ofs_x = 1, .ofs_y = -1},
    {.bitmap_index = 8034, .adv_w = 224, .box_w = 12, .box_h = 13, .ofs_x = 1, .ofs_y = -1},
    {.bitmap_index = 8054, .adv_w = 224, .box_w = 12, .box_h = 13, .ofs_x = 1, .ofs_y = -1},
    {.bitmap_index = 8074, .adv_w = 224, .box_w = 12, .box_h = 13, .ofs_x = 1, .ofs_y = -1},
    {.bitmap_index = 8094, .adv_w = 224, .box_w = 12, .box_h = 13, .ofs_x = 1, .ofs_y = -1},
    {.bitmap_index = 8114, .adv_w = 224, .box_w = 12, .box_h = 13, .ofs_x = 1, .ofs_y = -1},
    {.bitmap_index = 8134, .adv_w = 224, .box_w = 12, .box_h = 12, .ofs_x = 1, .ofs_y = -1},
    {.bitmap_index = 8152, .adv_w = 224, .box_w = 12, .box_h = 13, .ofs_x = 1, .ofs_y = -1},
    {.bitmap_index = 8172, .adv_w = 224, .box_w = 12, .box_h = 13, .ofs_x = 1, .ofs_y = -1},
    {.bitmap_index = 8192, .adv_w = 224, .box_w = 12, .box_h = 13, .ofs_x = 1, .ofs_y = -1},
    {.bitmap_index = 8212, .adv_w = 224, .box_w = 12, .box_h = 12, .ofs_x = 1, .ofs_y = -1},
    {.bitmap_index = 8230, .adv_w = 224, .box_w = 12, .box_h = 13, .ofs_x = 1, .ofs_y = -1},
    {.bitmap_index = 8250, .adv_w = 224, .box_w = 12, .box_h = 13, .ofs_x = 1, .ofs_y = -1},
    {.bitmap_index = 8270, .adv_w = 224, .box_w = 12, .box_h = 13, .ofs_x = 1, .ofs_y = -1},
    {.bitmap_index = 8290, .adv_w = 224, .box_w = 12, .box_h = 13, .ofs_x = 1, .ofs_y = -1},
    {.bitmap_index = 8310, .adv_w = 224, .box_w = 12, .box_h = 13, .ofs_x = 1, .ofs_y = -1},
    {.bitmap_index = 8330, .adv_w = 224, .box_w = 12, .box_h = 13, .ofs_x = 1, .ofs_y = -1},
    {.bitmap_index = 8350, .adv_w = 224, .box_w = 12, .box_h = 12, .ofs_x = 1, .ofs_y = -1},
    {.bitmap_index = 8368, .adv_w = 224, .box_w = 13, .box_h = 13, .ofs_x = 1, .ofs_y = -1},
    {.bitmap_index = 8390, .adv_w = 224, .box_w = 12, .box_h = 13, .ofs_x = 1, .ofs_y = -1},
    {.bitmap_index = 8410, .adv_w = 224, .box_w = 12, .box_h = 13, .ofs_x = 1, .ofs_y = -1},
    {.bitmap_index = 8430, .adv_w = 224, .box_w = 12, .box_h = 11, .ofs_x = 1, .ofs_y = 0},
    {.bitmap_index = 8447, .adv_w = 224, .box_w = 12, .box_h = 12, .ofs_x = 1, .ofs_y = -1},
    {.bitmap_index = 8465, .adv_w = 224, .box_w = 13, .box_h = 13, .ofs_x = 1, .ofs_y = -1},
    {.bitmap_index = 8487, .adv_w = 224, .box_w = 13, .box_h = 13, .ofs_x = 1, .ofs_y = -1},
    {.bitmap_index = 8509, .adv_w = 224, .box_w = 13, .box_h = 13, .ofs_x = 1, .ofs_y = -1},
    {.bitmap_index = 8531, .adv_w = 224, .box_w = 12, .box_h = 13, .ofs_x = 1, .ofs_y = -1},
    {.bitmap_index = 8551, .adv_w = 224, .box_w = 12, .box_h = 12, .ofs_x = 1, .ofs_y = -1},
    {.bitmap_index = 8569, .adv_w = 224, .box_w = 12, .box_h = 13, .ofs_x = 1, .ofs_y = -1},
    {.bitmap_index = 8589, .adv_w = 224, .box_w = 12, .box_h = 12, .ofs_x = 1, .ofs_y = -1},
    {.bitmap_index = 8607, .adv_w = 224, .box_w = 12, .box_h = 13, .ofs_x = 1, .ofs_y = -1},
    {.bitmap_index = 8627, .adv_w = 224, .box_w = 12, .box_h = 13, .ofs_x = 1, .ofs_y = -1},
    {.bitmap_index = 8647, .adv_w = 224, .box_w = 12, .box_h = 12, .ofs_x = 1, .ofs_y = -1},
    {.bitmap_index = 8665, .adv_w = 224, .box_w = 12, .box_h = 12, .ofs_x = 1, .ofs_y = -1},
    {.bitmap_index = 8683, .adv_w = 224, .box_w = 12, .box_h = 12, .ofs_x = 1, .ofs_y = -1},
    {.bitmap_index = 8701, .adv_w = 224, .box_w = 12, .box_h = 12, .ofs_x = 1, .ofs_y = -1},
    {.bitmap_index = 8719, .adv_w = 224, .box_w = 11, .box_h = 12, .ofs_x = 1, .ofs_y = -1},
    {.bitmap_index = 8736, .adv_w = 224, .box_w = 11, .box_h = 12, .ofs_x = 1, .ofs_y = -1},
    {.bitmap_index = 8753, .adv_w = 224, .box_w = 12, .box_h = 12, .ofs_x = 1, .ofs_y = -1},
    {.bitmap_index = 8771, .adv_w = 224, .box_w = 13, .box_h = 13, .ofs_x = 1, .ofs_y = -1},
    {.bitmap_index = 8793, .adv_w = 224, .box_w = 12, .box_h = 13, .ofs_x = 1, .ofs_y = -1},
    {.bitmap_index = 8813, .adv_w = 224, .box_w = 12, .box_h = 13, .ofs_x = 1, .ofs_y = -1},
    {.bitmap_index = 8833, .adv_w = 224, .box_w = 12, .box_h = 13, .ofs_x = 1, .ofs_y = -1},
    {.bitmap_index = 8853, .adv_w = 224, .box_w = 12, .box_h = 12, .ofs_x = 1, .ofs_y = -1},
    {.bitmap_index = 8871, .adv_w = 224, .box_w = 12, .box_h = 12, .ofs_x = 1, .ofs_y = -1},
    {.bitmap_index = 8889, .adv_w = 206, .box_w = 11, .box_h = 12, .ofs_x = 1, .ofs_y = -1},
    {.bitmap_index = 8906, .adv_w = 206, .box_w = 11, .box_h = 12, .ofs_x = 1, .ofs_y = -1},
    {.bitmap_index = 8923, .adv_w = 206, .box_w = 11, .box_h = 12, .ofs_x = 1, .ofs_y = -1},
    {.bitmap_index = 8940, .adv_w = 206, .box_w = 10, .box_h = 12, .ofs_x = 1, .ofs_y = -1},
    {.bitmap_index = 8955, .adv_w = 206, .box_w = 10, .box_h = 12, .ofs_x = 1, .ofs_y = -1},
    {.bitmap_index = 8970, .adv_w = 206, .box_w = 10, .box_h = 12, .ofs_x = 1, .ofs_y = -1},
    {.bitmap_index = 8985, .adv_w = 206, .box_w = 10, .box_h = 12, .ofs_x = 1, .ofs_y = -1},
    {.bitmap_index = 9000, .adv_w = 206, .box_w = 11, .box_h = 9, .ofs_x = 1, .ofs_y = 1},
    {.bitmap_index = 9013, .adv_w = 206, .box_w = 11, .box_h = 12, .ofs_x = 1, .ofs_y = -1},
    {.bitmap_index = 9030, .adv_w = 206, .box_w = 11, .box_h = 12, .ofs_x = 1, .ofs_y = -1},
    {.bitmap_index = 9047, .adv_w = 206, .box_w = 11, .box_h = 12, .ofs_x = 1, .ofs_y = -1},
    {.bitmap_index = 9064, .adv_w = 206, .box_w = 11, .box_h = 9, .ofs_x = 1, .ofs_y = 1},
    {.bitmap_index = 9077, .adv_w = 206, .box_w = 10, .box_h = 12, .ofs_x = 1, .ofs_y = -1},
    {.bitmap_index = 9092, .adv_w = 206, .box_w = 10, .box_h = 12, .ofs_x = 1, .ofs_y = -1},
    {.bitmap_index = 9107, .adv_w = 206, .box_w = 11, .box_h = 9, .ofs_x = 1, .ofs_y = 1},
    {.bitmap_index = 9120, .adv_w = 206, .box_w = 11, .box_h = 12, .ofs_x = 1, .ofs_y = -1},
    {.bitmap_index = 9137, .adv_w = 206, .box_w = 10, .box_h = 12, .ofs_x = 1, .ofs_y = -1},
    {.bitmap_index = 9152, .adv_w = 206, .box_w = 9, .box_h = 12, .ofs_x = 2, .ofs_y = -1},
    {.bitmap_index = 9166, .adv_w = 206, .box_w = 11, .box_h = 12, .ofs_x = 1, .ofs_y = -1},
    {.bitmap_index = 9183, .adv_w = 206, .box_w = 11, .box_h = 12, .ofs_x = 1, .ofs_y = -1},
    {.bitmap_index = 9200, .adv_w = 206, .box_w = 9, .box_h = 12, .ofs_x = 2, .ofs_y = -1},
    {.bitmap_index = 9214, .adv_w = 206, .box_w = 11, .box_h = 12, .ofs_x = 1, .ofs_y = -1},
    {.bitmap_index = 9231, .adv_w = 206, .box_w = 11, .box_h = 12, .ofs_x = 1, .ofs_y = -1},
    {.bitmap_index = 9248, .adv_w = 206, .box_w = 10, .box_h = 12, .ofs_x = 1, .ofs_y = -1},
    {.bitmap_index = 9263, .adv_w = 206, .box_w = 10, .box_h = 12, .ofs_x = 1, .ofs_y = -1},
    {.bitmap_index = 9278, .adv_w = 206, .box_w = 11, .box_h = 9, .ofs_x = 1, .ofs_y = 1},
    {.bitmap_index = 9291, .adv_w = 206, .box_w = 10, .box_h = 12, .ofs_x = 1, .ofs_y = -1},
    {.bitmap_index = 9306, .adv_w = 206, .box_w = 11, .box_h = 12, .ofs_x = 1, .ofs_y = -1},
    {.bitmap_index = 9323, .adv_w = 206, .box_w = 11, .box_h = 9, .ofs_x = 1, .ofs_y = 1},
    {.bitmap_index = 9336, .adv_w = 206, .box_w = 11, .box_h = 12, .ofs_x = 1, .ofs_y = -1},
    {.bitmap_index = 9353, .adv_w = 206, .box_w = 9, .box_h = 12, .ofs_x = 2, .ofs_y = -1},
    {.bitmap_index = 9367, .adv_w = 206, .box_w = 10, .box_h = 12, .ofs_x = 1, .ofs_y = -1},
    {.bitmap_index = 9382, .adv_w = 206, .box_w = 10, .box_h = 12, .ofs_x = 1, .ofs_y = -1},
    {.bitmap_index = 9397, .adv_w = 206, .box_w = 11, .box_h = 9, .ofs_x = 1, .ofs_y = 1},
    {.bitmap_index = 9410, .adv_w = 206, .box_w = 11, .box_h = 12, .ofs_x = 1, .ofs_y = -1},
    {.bitmap_index = 9427, .adv_w = 206, .box_w = 11, .box_h = 12, .ofs_x = 1, .ofs_y = -1},
    {.bitmap_index = 9444, .adv_w = 206, .box_w = 11, .box_h = 12, .ofs_x = 1, .ofs_y = -1},
    {.bitmap_index = 9461, .adv_w = 206, .box_w = 9, .box_h = 12, .ofs_x = 2, .ofs_y = -1},
    {.bitmap_index = 9475, .adv_w = 206, .box_w = 11, .box_h = 12, .ofs_x = 1, .ofs_y = -1},
    {.bitmap_index = 9492, .adv_w = 206, .box_w = 11, .box_h = 9, .ofs_x = 1, .ofs_y = 1},
    {.bitmap_index = 9505, .adv_w = 206, .box_w = 11, .box_h = 12, .ofs_x = 1, .ofs_y = -1},
    {.bitmap_index = 9522, .adv_w = 206, .box_w = 10, .box_h = 12, .ofs_x = 1, .ofs_y = -1},
    {.bitmap_index = 9537, .adv_w = 206, .box_w = 10, .box_h = 12, .ofs_x = 1, .ofs_y = -1},
    {.bitmap_index = 9552, .adv_w = 206, .box_w = 11, .box_h = 10, .ofs_x = 1, .ofs_y = 1},
    {.bitmap_index = 9566, .adv_w = 206, .box_w = 11, .box_h = 12, .ofs_x = 1, .ofs_y = -1},
    {.bitmap_index = 9583, .adv_w = 206, .box_w = 11, .box_h = 12, .ofs_x = 1, .ofs_y = -1},
    {.bitmap_index = 9600, .adv_w = 206, .box_w = 9, .box_h = 12, .ofs_x = 2, .ofs_y = -1},
    {.bitmap_index = 9614, .adv_w = 206, .box_w = 11, .box_h = 12, .ofs_x = 1, .ofs_y = -1},
    {.bitmap_index = 9631, .adv_w = 206, .box_w = 11, .box_h = 12, .ofs_x = 1, .ofs_y = -1},
    {.bitmap_index = 9648, .adv_w = 206, .box_w = 11, .box_h = 12, .ofs_x = 1, .ofs_y = -1},
    {.bitmap_index = 9665, .adv_w = 206, .box_w = 10, .box_h = 12, .ofs_x = 1, .ofs_y = -1},
    {.bitmap_index = 9680, .adv_w = 206, .box_w = 10, .box_h = 12, .ofs_x = 1, .ofs_y = -1},
    {.bitmap_index = 9695, .adv_w = 206, .box_w = 10, .box_h = 12, .ofs_x = 1, .ofs_y = -1},
    {.bitmap_index = 9710, .adv_w = 206, .box_w = 10, .box_h = 12, .ofs_x = 1, .ofs_y = -1},
    {.bitmap_index = 9725, .adv_w = 206, .box_w = 10, .box_h = 12, .ofs_x = 1, .ofs_y = -1},
    {.bitmap_index = 9740, .adv_w = 206, .box_w = 11, .box_h = 12, .ofs_x = 1, .ofs_y = -1},
    {.bitmap_index = 9757, .adv_w = 206, .box_w = 11, .box_h = 10, .ofs_x = 1, .ofs_y = 1},
    {.bitmap_index = 9771, .adv_w = 206, .box_w = 11, .box_h = 12, .ofs_x = 1, .ofs_y = -1},
    {.bitmap_index = 9788, .adv_w = 206, .box_w = 11, .box_h = 12, .ofs_x = 1, .ofs_y = -1},
    {.bitmap_index = 9805, .adv_w = 206, .box_w = 11, .box_h = 12, .ofs_x = 1, .ofs_y = -1},
    {.bitmap_index = 9822, .adv_w = 206, .box_w = 11, .box_h = 9, .ofs_x = 1, .ofs_y = 1},
    {.bitmap_index = 9835, .adv_w = 206, .box_w = 11, .box_h = 12, .ofs_x = 1, .ofs_y = -1},
    {.bitmap_index = 9852, .adv_w = 206, .box_w = 10, .box_h = 12, .ofs_x = 1, .ofs_y = -1},
    {.bitmap_index = 9867, .adv_w = 206, .box_w = 10, .box_h = 12, .ofs_x = 1, .ofs_y = -1},
    {.bitmap_index = 9882, .adv_w = 206, .box_w = 11, .box_h = 12, .ofs_x = 1, .ofs_y = -1},
    {.bitmap_index = 9899, .adv_w = 206, .box_w = 10, .box_h = 12, .ofs_x = 1, .ofs_y = -1},
    {.bitmap_index = 9914, .adv_w = 206, .box_w = 11, .box_h = 12, .ofs_x = 1, .ofs_y = -1},
    {.bitmap_index = 9931, .adv_w = 206, .box_w = 10, .box_h = 12, .ofs_x = 1, .ofs_y = -1},
    {.bitmap_index = 9946, .adv_w = 206, .box_w = 10, .box_h = 12, .ofs_x = 1, .ofs_y = -1},
    {.bitmap_index = 9961, .adv_w = 206, .box_w = 11, .box_h = 10, .ofs_x = 1, .ofs_y = 1},
    {.bitmap_index = 9975, .adv_w = 206, .box_w = 11, .box_h = 12, .ofs_x = 1, .ofs_y = -1},
    {.bitmap_index = 9992, .adv_w = 206, .box_w = 11, .box_h = 10, .ofs_x = 1, .ofs_y = 1},
    {.bitmap_index = 10006, .adv_w = 206, .box_w = 11, .box_h = 12, .ofs_x = 1, .ofs_y = -1},
    {.bitmap_index = 10023, .adv_w = 206, .box_w = 11, .box_h = 12, .ofs_x = 1, .ofs_y = -1},
    {.bitmap_index = 10040, .adv_w = 206, .box_w = 10, .box_h = 12, .ofs_x = 1, .ofs_y = -1},
    {.bitmap_index = 10055, .adv_w = 206, .box_w = 11, .box_h = 12, .ofs_x = 1, .ofs_y = -1},
    {.bitmap_index = 10072, .adv_w = 206, .box_w = 11, .box_h = 12, .ofs_x = 1, .ofs_y = -1},
    {.bitmap_index = 10089, .adv_w = 206, .box_w = 11, .box_h = 12, .ofs_x = 1, .ofs_y = -1},
    {.bitmap_index = 10106, .adv_w = 206, .box_w = 10, .box_h = 12, .ofs_x = 1, .ofs_y = -1},
    {.bitmap_index = 10121, .adv_w = 206, .box_w = 10, .box_h = 12, .ofs_x = 1, .ofs_y = -1},
    {.bitmap_index = 10136, .adv_w = 206, .box_w = 10, .box_h = 12, .ofs_x = 1, .ofs_y = -1},
    {.bitmap_index = 10151, .adv_w = 206, .box_w = 11, .box_h = 12, .ofs_x = 1, .ofs_y = -1},
    {.bitmap_index = 10168, .adv_w = 206, .box_w = 11, .box_h = 12, .ofs_x = 1, .ofs_y = -1},
    {.bitmap_index = 10185, .adv_w = 206, .box_w = 10, .box_h = 12, .ofs_x = 1, .ofs_y = -1},
    {.bitmap_index = 10200, .adv_w = 206, .box_w = 10, .box_h = 12, .ofs_x = 1, .ofs_y = -1},
    {.bitmap_index = 10215, .adv_w = 206, .box_w = 10, .box_h = 12, .ofs_x = 1, .ofs_y = -1},
    {.bitmap_index = 10230, .adv_w = 206, .box_w = 10, .box_h = 12, .ofs_x = 1, .ofs_y = -1},
    {.bitmap_index = 10245, .adv_w = 206, .box_w = 11, .box_h = 12, .ofs_x = 1, .ofs_y = -1},
    {.bitmap_index = 10262, .adv_w = 206, .box_w = 11, .box_h = 12, .ofs_x = 1, .ofs_y = -1},
    {.bitmap_index = 10279, .adv_w = 206, .box_w = 11, .box_h = 12, .ofs_x = 1, .ofs_y = -1},
    {.bitmap_index = 10296, .adv_w = 206, .box_w = 10, .box_h = 12, .ofs_x = 1, .ofs_y = -1},
    {.bitmap_index = 10311, .adv_w = 206, .box_w = 10, .box_h = 12, .ofs_x = 1, .ofs_y = -1},
    {.bitmap_index = 10326, .adv_w = 206, .box_w = 11, .box_h = 13, .ofs_x = 1, .ofs_y = -1},
    {.bitmap_index = 10344, .adv_w = 206, .box_w = 11, .box_h = 10, .ofs_x = 1, .ofs_y = 1},
    {.bitmap_index = 10358, .adv_w = 206, .box_w = 10, .box_h = 12, .ofs_x = 1, .ofs_y = -1},
    {.bitmap_index = 10373, .adv_w = 206, .box_w = 11, .box_h = 13, .ofs_x = 1, .ofs_y = -1},
    {.bitmap_index = 10391, .adv_w = 206, .box_w = 10, .box_h = 12, .ofs_x = 1, .ofs_y = -1},
    {.bitmap_index = 10406, .adv_w = 206, .box_w = 11, .box_h = 12, .ofs_x = 1, .ofs_y = -1},
    {.bitmap_index = 10423, .adv_w = 206, .box_w = 11, .box_h = 12, .ofs_x = 1, .ofs_y = -1},
    {.bitmap_index = 10440, .adv_w = 206, .box_w = 10, .box_h = 12, .ofs_x = 1, .ofs_y = -1},
    {.bitmap_index = 10455, .adv_w = 206, .box_w = 11, .box_h = 9, .ofs_x = 1, .ofs_y = 1},
    {.bitmap_index = 10468, .adv_w = 206, .box_w = 10, .box_h = 12, .ofs_x = 1, .ofs_y = -1},
    {.bitmap_index = 10483, .adv_w = 206, .box_w = 10, .box_h = 12, .ofs_x = 1, .ofs_y = -1},
    {.bitmap_index = 10498, .adv_w = 206, .box_w = 10, .box_h = 12, .ofs_x = 1, .ofs_y = -1},
    {.bitmap_index = 10513, .adv_w = 206, .box_w = 11, .box_h = 9, .ofs_x = 1, .ofs_y = 1},
    {.bitmap_index = 10526, .adv_w = 206, .box_w = 11, .box_h = 12, .ofs_x = 1, .ofs_y = -1},
    {.bitmap_index = 10543, .adv_w = 206, .box_w = 10, .box_h = 12, .ofs_x = 1, .ofs_y = -1},
    {.bitmap_index = 10558, .adv_w = 206, .box_w = 11, .box_h = 12, .ofs_x = 1, .ofs_y = -1},
    {.bitmap_index = 10575, .adv_w = 206, .box_w = 11, .box_h = 12, .ofs_x = 1, .ofs_y = -1},
    {.bitmap_index = 10592, .adv_w = 206, .box_w = 11, .box_h = 13, .ofs_x = 1, .ofs_y = -1},
    {.bitmap_index = 10610, .adv_w = 206, .box_w = 11, .box_h = 13, .ofs_x = 1, .ofs_y = -1},
    {.bitmap_index = 10628, .adv_w = 206, .box_w = 11, .box_h = 13, .ofs_x = 1, .ofs_y = -1},
    {.bitmap_index = 10646, .adv_w = 206, .box_w = 11, .box_h = 12, .ofs_x = 1, .ofs_y = -1},
    {.bitmap_index = 10663, .adv_w = 206, .box_w = 10, .box_h = 12, .ofs_x = 1, .ofs_y = -1},
    {.bitmap_index = 10678, .adv_w = 206, .box_w = 11, .box_h = 12, .ofs_x = 1, .ofs_y = -1},
    {.bitmap_index = 10695, .adv_w = 206, .box_w = 11, .box_h = 13, .ofs_x = 1, .ofs_y = -1},
    {.bitmap_index = 10713, .adv_w = 206, .box_w = 11, .box_h = 13, .ofs_x = 1, .ofs_y = -1},
    {.bitmap_index = 10731, .adv_w = 206, .box_w = 11, .box_h = 13, .ofs_x = 1, .ofs_y = -1},
    {.bitmap_index = 10749, .adv_w = 206, .box_w = 11, .box_h = 13, .ofs_x = 1, .ofs_y = -1},
    {.bitmap_index = 10767, .adv_w = 224, .box_w = 1, .box_h = 10, .ofs_x = 3, .ofs_y = 0},
    {.bitmap_index = 10769, .adv_w = 224, .box_w = 2, .box_h = 4, .ofs_x = 2, .ofs_y = -1},
    {.bitmap_index = 10770, .adv_w = 224, .box_w = 1, .box_h = 9, .ofs_x = 3, .ofs_y = 0}
};

/*---------------------
 *  CHARACTER MAPPING
 *--------------------*/

static const uint16_t unicode_list_2[] = {
    0x0, 0x2, 0x4, 0x9, 0xa, 0xc, 0xd, 0xe,
    0x16, 0x18, 0x1c, 0x2e, 0x3b, 0x3e, 0x3f, 0x4e,
    0x56, 0x58, 0x5b, 0x5c, 0x5e, 0x62, 0x6c, 0x77,
    0x79, 0x7b, 0xad, 0x116, 0x118, 0x285, 0x28e, 0x28f,
    0x290, 0x292, 0x294, 0x298, 0x299, 0x29a, 0x29c, 0x29d,
    0x2a0, 0x2a1, 0x2a3, 0x2a4, 0x2a9, 0x2aa, 0x2ab, 0x2ac
};

static const uint16_t unicode_list_4[] = {
    0x0, 0x1, 0x2, 0x3a, 0x3c, 0x44, 0x45, 0x46,
    0x47, 0x4b, 0x4c, 0x4e, 0x50, 0x51, 0x52, 0x53,
    0x54, 0x55, 0x56, 0x57, 0x5b
};

static const uint16_t unicode_list_6[] = {
    0x0, 0x1, 0x4, 0x8, 0x9, 0xa, 0xb, 0xc,
    0xd, 0x1be, 0x1d4, 0x1d5
};

static const uint16_t unicode_list_9[] = {
    0x0, 0x2f, 0x49, 0x5a, 0x60, 0x7d, 0x2b2, 0x2b3,
    0x2b4, 0x2b6, 0x2b7, 0x2b8, 0x2ba, 0x2c0, 0x2c6, 0x2c7,
    0x2c8, 0x2cb, 0x2cd, 0x2d0, 0x2d2, 0x2d4, 0x2d5, 0x2d6,
    0x2d7, 0x2d8, 0x2d9, 0x2db, 0x2dc, 0x2dd, 0x2de, 0x2df,
    0x2e0, 0x2e1, 0x2e3, 0x2e6, 0x2e7, 0x2e8, 0x2e9, 0x2ea,
    0x2ed, 0x2ef, 0x2f0, 0x2f1, 0x2f2, 0x2f3, 0x2f4, 0x2f8,
    0x2f9, 0x2fa, 0x2fc, 0x2fe, 0x7b2, 0x7b3, 0x7b5, 0x7b8,
    0x7b9, 0x7ba, 0x7bb, 0x7bc, 0x7c4, 0x7c5, 0x7c6, 0x7c7,
    0x7c8, 0x7ca, 0x7cb, 0x7cc, 0x7cd, 0x7cf, 0x7d0, 0x7d1,
    0x7d2, 0x7d3, 0x7d4, 0x7d6, 0x7d8, 0x7db, 0x7dc, 0x7de,
    0x7df, 0x7e1, 0x7e2, 0x7e3, 0x7e4, 0x7e5, 0x7e6, 0x7e7,
    0x7e8, 0x7e9, 0x7ea, 0x7f1, 0x7f2, 0x7f3, 0x7f4, 0x7f5,
    0x7f8, 0x7f9, 0x7fa, 0x7fd, 0x1852, 0x1854, 0x1856, 0x1858,
    0x185e, 0x1860, 0x186c, 0x186e, 0x1870, 0x1874, 0x1878, 0x187c,
    0x1882, 0x1884, 0x1888, 0x188a, 0x188c, 0x188e, 0x1890, 0x1894,
    0x1896, 0x1898, 0x189e, 0x19bd, 0x29b2, 0x29b3, 0x29f5, 0x29f7,
    0x29f9, 0x29fb, 0x29fc, 0x29fd, 0x29fe, 0x2a00, 0x2a04, 0x2a06,
    0x2a08, 0x2a0a, 0x2a0c, 0x2a10, 0x2a11, 0x2a12, 0x2a14, 0x2a15,
    0x2a17, 0x2a18, 0x2a1b, 0x2a1c, 0x2a1f, 0x2a20, 0x2a2f, 0x2a30,
    0x2a33, 0x2a3b, 0x2a3d, 0x2a43, 0x2a44, 0x2a53, 0x2a54, 0x2a55,
    0x2a57, 0x2a59, 0x2a5a, 0x2a5b, 0x2a5c, 0x2a5e, 0x2a60, 0x2a61,
    0x2a66, 0x2a67, 0x2a68, 0x2a69, 0x2a6a, 0x2a6c, 0x2a70, 0x2a71,
    0x2a74, 0x2a77, 0x2a78, 0x2a79, 0x2a7a, 0x2a7c, 0x2a7e, 0x2a81,
    0x2a86, 0x2a87, 0x2a88, 0x2a8a, 0x2a8f, 0x2a90, 0x2a91, 0x2a93,
    0x2a94, 0x2a96, 0x2a98, 0x2a9a, 0x2a9b, 0x2a9c, 0x2a9d, 0x2a9e,
    0x2aa0, 0x2aa4, 0x2aad, 0x47b1, 0x47bc, 0x47be, 0x47de, 0x4837,
    0x48eb, 0x48ff, 0x4911, 0x4992, 0x49ca, 0x4a4a, 0x4af6, 0x4af9,
    0x4b16, 0x4b24, 0x4b36, 0x4b3e, 0x4bab, 0x4bb8, 0x4bce, 0x4bda,
    0x4be1, 0x4c50, 0x4c51, 0x4c52, 0x4c6a, 0x4c8a, 0x4cc7, 0x4cf8,
    0x4d12, 0x4d7c, 0x4d82, 0x4da0, 0x4dbf, 0x4ddd, 0x4de0, 0x4dfb,
    0x4e2e, 0x4e7e, 0x4f00, 0x4f10, 0x5019, 0x50d9, 0x51e2, 0x52b8,
    0x52d8, 0x52e2, 0x532e, 0x537c, 0x553d, 0x554b, 0x55ac, 0x55b7,
    0x55b8, 0x55bc, 0x55c2, 0x57a3, 0x5845, 0x5857, 0x58b1, 0x58c0,
    0x5906, 0x5936, 0x593d, 0x598d, 0x59b2, 0x5a20, 0x5a76, 0x5afc,
    0x5b7a, 0x5bc1, 0x5bc2, 0x5bfc, 0x5c1c, 0x5c2f, 0x5cf0, 0x5d13,
    0x5d34, 0x5d53, 0x5d56, 0x5d80, 0x5d83, 0x5d8c, 0x5f08, 0x5f61,
    0x5f91, 0x5fa7, 0x5ff3, 0x60a5, 0x60b0, 0x60b1, 0x60ba, 0x60bc,
    0x60be, 0x60d0, 0x60dd, 0x60eb, 0x6196, 0x6271, 0x62cd, 0x63d2,
    0x6410, 0x6453, 0x6514, 0x6686, 0x66ec, 0x66f2, 0x66fc, 0x6700,
    0x67dd, 0x6831, 0x6841, 0x6892, 0x68b0, 0x6971, 0x69c0, 0x6a6a,
    0x6a9e, 0x6ad2, 0x6bf9, 0x6c67, 0x6c71, 0x6d61, 0x6daf, 0x6ed9,
    0x6ee6, 0x702c, 0x702d, 0x7035, 0x726b, 0x7383, 0x73be, 0x74fa,
    0x7505, 0x76ac, 0x76cb, 0x76f3, 0x76f5, 0x7712, 0x7722, 0x774b,
    0x7763, 0x778b, 0x7858, 0x7875, 0x788d, 0x7890, 0x7902, 0x79f7,
    0x7a2e, 0x7aae, 0x7bdb, 0x81fd, 0x833c, 0x836e, 0x8379, 0x83bb,
    0x83db, 0x83de, 0x8417, 0x8422, 0x843e, 0x8455, 0x845b, 0x845e,
    0x847c, 0x8517, 0x856f, 0x8570, 0x8586, 0x858e, 0x85a0, 0x85a5,
    0x85a8, 0x8678, 0x86d6, 0x86f5, 0x8736, 0x8764, 0x87a0, 0x88ba,
    0x892e, 0x896d, 0x898c, 0x898f, 0x89b2, 0x89d4, 0x8a05, 0x8afe,
    0x8b7e, 0x8b80, 0x8ce0, 0x8eca, 0x8f3a, 0x8f3c, 0x8f44, 0x8f8d,
    0x8f9e, 0x8f9f, 0x90ac, 0x910a, 0x910d, 0x91a4, 0x91b0, 0x928c,
    0x928f, 0xa5b1, 0xa5b5, 0xa5c1, 0xa621, 0xa65d, 0xa661, 0xa66e,
    0xa691, 0xa6a6, 0xa6ad, 0xa71d, 0xa7a9, 0xa7e1, 0xa86d, 0xa9f5,
    0xaa49, 0xaad5, 0xab06, 0xac45, 0xac56, 0xac79, 0xac95, 0xaca6,
    0xacb1, 0xad31, 0xad75, 0xadd9, 0xae79, 0xae8d, 0xae94, 0xaeda,
    0xb1b9, 0xb1d5, 0xb20d, 0xb309, 0xb319, 0xb32d, 0xb35d, 0xb381,
    0xb459, 0xb5cd, 0xb5e1, 0xb635, 0xb6a5, 0xb6ad, 0xb731, 0xb7f5,
    0xba5d, 0xba6e, 0xba72, 0xba79, 0xbacd, 0xbad5, 0xbae2, 0xbae9,
    0xbafc, 0xbb3d, 0xbb3e, 0xbb52, 0xbbc9, 0xbc55, 0xbc66, 0xbc8d,
    0xbc95, 0xbef9, 0xbf76, 0xbf77, 0xbf81, 0xbfa1, 0xbfd5, 0xbff5,
    0xc045, 0xc05a, 0xc065, 0xc07d, 0xc0f5, 0xc0fd, 0xc102, 0xc125,
    0xc129, 0xc136, 0xc139, 0xc151, 0xc1b5, 0xc1c2, 0xc1c6, 0xc1e9,
    0xc222, 0xc2ad, 0xc2c2, 0xc371, 0xc375, 0xc5ef, 0xc6b9, 0xc70d,
    0xc75a, 0xc80d, 0xc825, 0xc845, 0xc8cd, 0xca1d, 0xca8d, 0xcae1,
    0xcb0d, 0xcc69, 0xccd0, 0xccd9, 0xcf09, 0xcf0d, 0xcf11, 0xcf1a,
    0xcf1c, 0xcf39, 0xcf3a, 0xd005, 0xd006, 0xd009, 0xd00d, 0xd075,
    0xf8b2, 0xf8bd, 0xf8cb
};

/*Collect the unicode lists and glyph_id offsets*/
static const lv_font_fmt_txt_cmap_t cmaps[] =
{
    {
        .range_start = 32, .range_length = 95, .glyph_id_start = 1,
        .unicode_list = NULL, .glyph_id_ofs_list = NULL, .list_length = 0, .type = LV_FONT_FMT_TXT_CMAP_FORMAT0_TINY
    },
    {
        .range_start = 161, .range_length = 95, .glyph_id_start = 96,
        .unicode_list = NULL, .glyph_id_ofs_list = NULL, .list_length = 0, .type = LV_FONT_FMT_TXT_CMAP_FORMAT0_TINY
    },
    {
        .range_start = 259, .range_length = 685, .glyph_id_start = 191,
        .unicode_list = unicode_list_2, .glyph_id_ofs_list = NULL, .list_length = 48, .type = LV_FONT_FMT_TXT_CMAP_SPARSE_TINY
    },
    {
        .range_start = 945, .range_length = 25, .glyph_id_start = 239,
        .unicode_list = NULL, .glyph_id_ofs_list = NULL, .list_length = 0, .type = LV_FONT_FMT_TXT_CMAP_FORMAT0_TINY
    },
    {
        .range_start = 972, .range_length = 92, .glyph_id_start = 264,
        .unicode_list = unicode_list_4, .glyph_id_ofs_list = NULL, .list_length = 21, .type = LV_FONT_FMT_TXT_CMAP_SPARSE_TINY
    },
    {
        .range_start = 1072, .range_length = 29, .glyph_id_start = 285,
        .unicode_list = NULL, .glyph_id_ofs_list = NULL, .list_length = 0, .type = LV_FONT_FMT_TXT_CMAP_FORMAT0_TINY
    },
    {
        .range_start = 1102, .range_length = 470, .glyph_id_start = 314,
        .unicode_list = unicode_list_6, .glyph_id_ofs_list = NULL, .list_length = 12, .type = LV_FONT_FMT_TXT_CMAP_SPARSE_TINY
    },
    {
        .range_start = 1573, .range_length = 22, .glyph_id_start = 326,
        .unicode_list = NULL, .glyph_id_ofs_list = NULL, .list_length = 0, .type = LV_FONT_FMT_TXT_CMAP_FORMAT0_TINY
    },
    {
        .range_start = 1600, .range_length = 12, .glyph_id_start = 348,
        .unicode_list = NULL, .glyph_id_ofs_list = NULL, .list_length = 0, .type = LV_FONT_FMT_TXT_CMAP_FORMAT0_TINY
    },
    {
        .range_start = 1615, .range_length = 63692, .glyph_id_start = 360,
        .unicode_list = unicode_list_9, .glyph_id_ofs_list = NULL, .list_length = 531, .type = LV_FONT_FMT_TXT_CMAP_SPARSE_TINY
    }
};

/*-----------------
 *    KERNING
 *----------------*/


/*Map glyph_ids to kern left classes*/
static const uint8_t kern_left_class_mapping[] =
{
    0, 0, 0, 0, 0, 0, 0, 0,
    0, 0, 0, 0, 0, 0, 0, 0,
    0, 0, 0, 0, 0, 0, 0, 0,
    0, 0, 0, 0, 0, 0, 0, 0,
    0, 0, 0, 0, 0, 0, 0, 0,
    0, 0, 0, 0, 0, 0, 0, 0,
    0, 0, 0, 0, 0, 0, 0, 0,
    0, 0, 0, 0, 0, 0, 0, 0,
    0, 0, 0, 0, 0, 0, 0, 0,
    0, 0, 0, 0, 0, 0, 0, 0,
    0, 0, 0, 0, 0, 0, 0, 0,
    0, 0, 0, 0, 0, 0, 0, 0,
    0, 0, 0, 0, 0, 0, 0, 0,
    0, 0, 0, 0, 0, 0, 0, 0,
    0, 0, 0, 0, 0, 0, 0, 0,
    0, 0, 0, 0, 0, 0, 0, 0,
    0, 0, 0, 0, 0, 0, 0, 0,
    0, 0, 0, 0, 0, 0, 0, 0,
    0, 0, 0, 0, 0, 0, 0, 0,
    0, 0, 0, 0, 0, 0, 0, 0,
    0, 0, 0, 0, 0, 0, 0, 0,
    0, 0, 0, 0, 0, 0, 0, 0,
    0, 0, 0, 0, 0, 0, 0, 0,
    0, 0, 0, 0, 0, 0, 0, 0,
    0, 0, 0, 0, 0, 0, 0, 0,
    0, 0, 0, 0, 0, 0, 0, 0,
    0, 0, 0, 0, 0, 0, 0, 0,
    0, 0, 0, 0, 0, 0, 0, 0,
    0, 0, 0, 0, 0, 0, 0, 0,
    0, 0, 0, 0, 0, 0, 0, 0,
    0, 0, 0, 0, 0, 0, 0, 0,
    0, 0, 0, 0, 0, 0, 0, 0,
    0, 0, 0, 0, 0, 0, 0, 0,
    0, 0, 0, 0, 0, 0, 0, 0,
    0, 0, 0, 0, 0, 0, 0, 0,
    0, 0, 0, 0, 0, 0, 0, 0,
    0, 0, 0, 0, 0, 0, 0, 0,
    0, 0, 0, 0, 0, 0, 0, 0,
    0, 0, 0, 0, 0, 0, 0, 0,
    0, 0, 0, 0, 0, 0, 0, 0,
    0, 0, 0, 0, 0, 0, 0, 0,
    0, 0, 0, 0, 0, 0, 0, 0,
    0, 0, 0, 0, 0, 0, 0, 0,
    0, 0, 0, 0, 0, 0, 0, 0,
    0, 0, 0, 0, 0, 0, 0, 0,
    0, 0, 0, 0, 0, 0, 0, 0,
    0, 0, 0, 0, 0, 0, 0, 0,
    0, 0, 0, 0, 0, 0, 0, 0,
    0, 0, 0, 0, 0, 0, 0, 0,
    0, 0, 0, 0, 0, 0, 0, 0,
    0, 0, 0, 0, 0, 0, 0, 0,
    0, 0, 0, 0, 0, 0, 0, 0,
    0, 0, 0, 0, 0, 0, 0, 0,
    0, 0, 0, 0, 0, 0, 0, 0,
    0, 0, 0, 0, 0, 0, 0, 0,
    0, 0, 0, 0, 0, 0, 0, 0,
    0, 0, 0, 0, 0, 0, 0, 0,
    0, 0, 0, 0, 0, 0, 0, 0,
    0, 0, 0, 0, 0, 0, 0, 0,
    0, 0, 0, 0, 0, 0, 0, 0,
    0, 0, 0, 0, 0, 0, 1, 2,
    3, 0, 4, 5, 6, 7, 8, 0,
    9, 10, 0, 11, 12, 0, 13, 14,
    15, 16, 0, 17, 18, 19, 20, 21,
    22, 23, 24, 0, 25, 26, 0, 27,
    28, 0, 29, 30, 31, 32, 33, 34,
    35, 36, 37, 38, 39, 0, 40, 41,
    42, 43, 44, 45, 46, 0, 0, 47,
    48, 49, 50, 51, 52, 0, 53, 0,
    54, 55, 0, 56, 57, 58, 59, 0,
    60, 61, 62, 0, 0, 0, 0, 0,
    0, 0, 0, 0, 0, 0, 0, 0,
    0, 0, 0, 0, 0, 0, 0, 0,
    0, 0, 0, 0, 0, 0, 0, 0,
    0, 0, 0, 0, 0, 0, 0, 0,
    0, 0, 0, 0, 0, 0, 0, 0,
    0, 0, 0, 0, 0, 0, 0, 0,
    0, 0, 0, 0, 0, 0, 0, 0,
    0, 0, 0, 0, 0, 0, 0, 0,
    0, 0, 0, 0, 0, 0, 0, 0,
    0, 0, 0, 0, 0, 0, 0, 0,
    0, 0, 0, 0, 0, 0, 0, 0,
    0, 0, 0, 0, 0, 0, 0, 0,
    0, 0, 0, 0, 0, 0, 0, 0,
    0, 0, 0, 0, 0, 0, 0, 0,
    0, 0, 0, 0, 0, 0, 0, 0,
    0, 0, 0, 0, 0, 0, 0, 0,
    0, 0, 0, 0, 0, 0, 0, 0,
    0, 0, 0, 0, 0, 0, 0, 0,
    0, 0, 0, 0, 0, 0, 0, 0,
    0, 0, 0, 0, 0, 0, 0, 0,
    0, 0, 0, 0, 0, 0, 0, 0,
    0, 0, 0, 0, 0, 0, 0, 0,
    0, 0, 0, 0, 0, 0, 0, 0,
    0, 0, 0, 0, 0, 0, 0, 0,
    0, 0, 0, 0, 0, 0, 0, 0,
    0, 0, 0, 0, 0, 0, 0, 0,
    0, 0, 0, 0, 0, 0, 0, 0,
    0, 0, 0, 0, 0, 0, 0, 0,
    0, 0, 0, 0, 0, 0, 0, 0,
    0, 0, 0, 0, 0, 0, 0, 0,
    0, 0, 0, 0, 0, 0, 0, 0,
    0, 0, 0, 0, 0, 0, 0, 0,
    0, 0, 0, 0, 0, 0, 0, 0,
    0, 0, 0, 0, 0, 0, 0, 0,
    0, 0, 0, 0, 0, 0, 0, 0,
    0, 0, 0, 0, 0, 0, 0, 0,
    0, 0, 0, 0, 0, 0, 0, 0,
    0, 0, 0, 0, 0, 0, 0, 0,
    0, 0, 0, 0, 0, 0, 0, 0,
    0, 0, 0, 0, 0, 0, 0, 0,
    0, 0, 0
};

/*Map glyph_ids to kern right classes*/
static const uint8_t kern_right_class_mapping[] =
{
    0, 0, 0, 0, 0, 0, 0, 0,
    0, 0, 0, 0, 0, 0, 0, 0,
    0, 0, 0, 0, 0, 0, 0, 0,
    0, 0, 0, 0, 0, 0, 0, 0,
    0, 0, 0, 0, 0, 0, 0, 0,
    0, 0, 0, 0, 0, 0, 0, 0,
    0, 0, 0, 0, 0, 0, 0, 0,
    0, 0, 0, 0, 0, 0, 0, 0,
    0, 0, 0, 0, 0, 0, 0, 0,
    0, 0, 0, 0, 0, 0, 0, 0,
    0, 0, 0, 0, 0, 0, 0, 0,
    0, 0, 0, 0, 0, 0, 0, 0,
    0, 0, 0, 0, 0, 0, 0, 0,
    0, 0, 0, 0, 0, 0, 0, 0,
    0, 0, 0, 0, 0, 0, 0, 0,
    0, 0, 0, 0, 0, 0, 0, 0,
    0, 0, 0, 0, 0, 0, 0, 0,
    0, 0, 0, 0, 0, 0, 0, 0,
    0, 0, 0, 0, 0, 0, 0, 0,
    0, 0, 0, 0, 0, 0, 0, 0,
    0, 0, 0, 0, 0, 0, 0, 0,
    0, 0, 0, 0, 0, 0, 0, 0,
    0, 0, 0, 0, 0, 0, 0, 0,
    0, 0, 0, 0, 0, 0, 0, 0,
    0, 0, 0, 0, 0, 0, 0, 0,
    0, 0, 0, 0, 0, 0, 0, 0,
    0, 0, 0, 0, 0, 0, 0, 0,
    0, 0, 0, 0, 0, 0, 0, 0,
    0, 0, 0, 0, 0, 0, 0, 0,
    0, 0, 0, 0, 0, 0, 0, 0,
    0, 0, 0, 0, 0, 0, 0, 0,
    0, 0, 0, 0, 0, 0, 0, 0,
    0, 0, 0, 0, 0, 0, 0, 0,
    0, 0, 0, 0, 0, 0, 0, 0,
    0, 0, 0, 0, 0, 0, 0, 0,
    0, 0, 0, 0, 0, 0, 0, 0,
    0, 0, 0, 0, 0, 0, 0, 0,
    0, 0, 0, 0, 0, 0, 0, 0,
    0, 0, 0, 0, 0, 0, 0, 0,
    0, 0, 0, 0, 0, 0, 0, 0,
    0, 0, 0, 0, 0, 0, 0, 0,
    0, 0, 0, 0, 0, 0, 0, 0,
    0, 0, 0, 0, 0, 0, 0, 0,
    0, 0, 0, 0, 0, 0, 0, 0,
    0, 0, 0, 0, 0, 0, 0, 0,
    0, 0, 0, 0, 0, 0, 0, 0,
    0, 0, 0, 0, 0, 0, 0, 0,
    0, 0, 0, 0, 0, 0, 0, 0,
    0, 0, 0, 0, 0, 0, 0, 0,
    0, 0, 0, 0, 0, 0, 0, 0,
    0, 0, 0, 0, 0, 0, 0, 0,
    0, 0, 0, 0, 0, 0, 0, 0,
    0, 0, 0, 0, 0, 0, 0, 0,
    0, 0, 0, 0, 0, 0, 0, 0,
    0, 0, 0, 0, 0, 0, 0, 0,
    0, 0, 0, 0, 0, 0, 0, 0,
    0, 0, 0, 0, 0, 0, 0, 0,
    0, 0, 0, 0, 0, 0, 0, 0,
    0, 0, 0, 0, 0, 0, 0, 0,
    0, 0, 0, 0, 0, 0, 0, 0,
    0, 0, 0, 0, 1, 2, 3, 4,
    0, 5, 0, 6, 7, 8, 6, 6,
    0, 9, 10, 11, 11, 0, 12, 13,
    14, 15, 0, 0, 16, 17, 18, 19,
    20, 0, 0, 21, 0, 22, 23, 24,
    0, 25, 0, 0, 26, 0, 27, 28,
    29, 30, 31, 31, 32, 33, 34, 34,
    0, 35, 0, 36, 36, 33, 37, 38,
    39, 39, 40, 41, 42, 33, 43, 0,
    44, 45, 0, 46, 0, 47, 48, 0,
    0, 49, 50, 0, 0, 0, 0, 0,
    0, 0, 0, 0, 0, 0, 0, 0,
    0, 0, 0, 0, 0, 0, 0, 0,
    0, 0, 0, 0, 0, 0, 0, 0,
    0, 0, 0, 0, 0, 0, 0, 0,
    0, 0, 0, 0, 0, 0, 0, 0,
    0, 0, 0, 0, 0, 0, 0, 0,
    0, 0, 0, 0, 0, 0, 0, 0,
    0, 0, 0, 0, 0, 0, 0, 0,
    0, 0, 0, 0, 0, 0, 0, 0,
    0, 0, 0, 0, 0, 0, 0, 0,
    0, 0, 0, 0, 0, 0, 0, 0,
    0, 0, 0, 0, 0, 0, 0, 0,
    0, 0, 0, 0, 0, 0, 0, 0,
    0, 0, 0, 0, 0, 0, 0, 0,
    0, 0, 0, 0, 0, 0, 0, 0,
    0, 0, 0, 0, 0, 0, 0, 0,
    0, 0, 0, 0, 0, 0, 0, 0,
    0, 0, 0, 0, 0, 0, 0, 0,
    0, 0, 0, 0, 0, 0, 0, 0,
    0, 0, 0, 0, 0, 0, 0, 0,
    0, 0, 0, 0, 0, 0, 0, 0,
    0, 0, 0, 0, 0, 0, 0, 0,
    0, 0, 0, 0, 0, 0, 0, 0,
    0, 0, 0, 0, 0, 0, 0, 0,
    0, 0, 0, 0, 0, 0, 0, 0,
    0, 0, 0, 0, 0, 0, 0, 0,
    0, 0, 0, 0, 0, 0, 0, 0,
    0, 0, 0, 0, 0, 0, 0, 0,
    0, 0, 0, 0, 0, 0, 0, 0,
    0, 0, 0, 0, 0, 0, 0, 0,
    0, 0, 0, 0, 0, 0, 0, 0,
    0, 0, 0, 0, 0, 0, 0, 0,
    0, 0, 0, 0, 0, 0, 0, 0,
    0, 0, 0, 0, 0, 0, 0, 0,
    0, 0, 0, 0, 0, 0, 0, 0,
    0, 0, 0, 0, 0, 0, 0, 0,
    0, 0, 0, 0, 0, 0, 0, 0,
    0, 0, 0, 0, 0, 0, 0, 0,
    0, 0, 0, 0, 0, 0, 0, 0,
    0, 0, 0, 0, 0, 0, 0, 0,
    0, 51, 0
};

/*Kern values between classes*/
static const int8_t kern_class_values[] =
{
    0, 0, 0, 0, 0, 0, 0, 0,
    0, 0, 0, 0, 0, -7, -7, 0,
    0, 0, 0, 0, 0, 0, 0, 0,
    0, 0, 0, 0, 0, 0, 0, 0,
    0, 0, 0, 0, 0, 0, 0, 0,
    0, 0, 0, 0, 0, 0, 0, 0,
    0, 0, 0, 0, -13, 0, 0, 0,
    0, 0, 0, 0, 0, 0, 0, 0,
    0, 0, 0, 0, 0, 0, 0, 0,
    0, 0, 0, 0, 0, 0, 0, 0,
    0, 0, 0, 0, 0, 0, 0, 0,
    0, -4, -4, 0, 0, 0, 0, 0,
    0, 0, 0, 0, 0, -22, 0, 0,
    0, 0, 0, 0, -7, -7, 0, 0,
    0, 0, -7, -11, -7, 0, 0, 0,
    0, 0, 0, 0, 0, 0, 0, 0,
    0, 0, -7, 0, 0, 0, 0, 0,
    0, 0, 0, 0, -4, 0, -4, 0,
    0, 0, 0, 0, 0, 0, 0, 0,
    0, -4, -4, 0, 0, 0, 0, 0,
    0, 0, 0, 0, 0, 0, 0, 0,
    0, -9, 0, 0, 0, 0, 0, 0,
    0, 0, 0, 0, 0, 0, 0, 0,
    0, 0, 0, 0, 0, 0, 0, 0,
    0, 0, 0, 0, 0, 0, 0, 0,
    0, 0, 0, -13, -4, -4, 0, 0,
    0, 0, 0, 0, 0, 0, 0, 0,
    0, 0, 0, 0, 0, 0, 0, 0,
    0, 0, 0, 0, 0, 0, 0, 0,
    0, 0, 0, 0, 0, 0, 0, 0,
    0, 0, 0, 0, 0, 0, 0, 0,
    0, 0, 0, 0, 0, 0, -13, -16,
    -11, 0, -4, 0, 0, 0, 0, 0,
    0, 0, -9, 0, 0, 0, 0, 0,
    0, 0, 0, 0, 0, 0, 0, 0,
    0, 0, 0, 0, 0, 0, 0, 0,
    0, 0, 0, 0, 0, 0, 0, 0,
    0, 0, 0, 0, 0, 0, 0, 0,
    0, -7, 0, 0, 0, -4, 0, 0,
    0, 0, 0, 0, 0, 0, 0, -7,
    -7, 0, 0, 0, 9, 0, 0, 0,
    0, 0, 0, 0, 0, 0, 0, 0,
    0, 0, 0, 0, 0, 0, 0, 0,
    0, 0, 0, 0, 0, 0, 0, 0,
    0, 0, 0, 0, -7, -4, 0, 0,
    0, 0, 0, 0, 0, -4, 0, 0,
    -16, 0, 0, 0, 0, 0, 0, 0,
    0, 0, 0, 0, 0, 0, 0, 0,
    0, 0, 0, 0, 0, 0, 0, 0,
    0, 0, 0, 0, 0, 0, 0, 0,
    0, 0, 0, 0, 0, 0, 0, -11,
    0, 0, 0, 0, 0, 0, 0, 0,
    -4, 0, 0, 0, -13, -7, -7, 0,
    0, 0, 0, 0, 0, 0, 0, 0,
    0, 0, 0, 0, -4, 0, 0, 0,
    0, 0, 0, 0, 0, 0, 0, 0,
    0, 0, 0, 0, 0, 0, 0, 0,
    0, 0, 0, -18, -22, 0, 0, 0,
    0, 0, 0, 0, 0, 0, -9, 0,
    2, 2, 0, 0, 0, 0, 0, 0,
    0, 0, 0, 0, 0, -7, 0, 0,
    0, 0, 0, 0, 0, 0, 0, 0,
    0, 0, 0, -16, 0, 0, 0, 0,
    0, 0, 0, 0, 0, -9, 0, 0,
    0, 0, 0, 0, 0, 0, 0, 0,
    0, 0, 0, 0, 0, 0, 0, -7,
    0, 0, 0, 0, 0, 0, 0, 0,
    0, 0, 0, 0, 0, 0, 0, 0,
    0, 0, 0, 0, 0, 0, 0, 0,
    0, 0, 0, 0, 0, 0, 0, 0,
    -4, -7, -7, 0, 0, 0, 0, 0,
    0, 0, 0, 0, 0, 0, 0, 0,
    0, 0, -4, 0, 0, 0, 0, 0,
    0, 0, 0, 0, 0, 0, 0, 0,
    0, 0, 0, 0, 0, 0, 0, 0,
    0, 0, 0, 0, 0, 0, 0, 0,
    0, 0, 0, -11, 0, 0, 0, 0,
    0, 0, 0, 0, 0, 0, 0, 0,
    0, -11, 0, 7, 0, 0, 0, 0,
    0, 0, 0, 0, 0, 0, 0, 0,
    0, 0, 0, 0, 0, 0, 0, 0,
    0, 0, 0, 0, 0, 0, 0, 0,
    0, 0, 0, 0, 0, 0, 0, -9,
    -9, 0, 0, 0, 0, 0, 0, 0,
    0, 0, 0, 0, 0, 0, 0, 0,
    0, 0, 0, 0, 0, 0, 0, 0,
    0, 0, 0, 0, 0, 0, 0, 0,
    0, 0, 0, 0, 0, 0, 0, 0,
    0, 0, 0, 0, 0, 0, 0, 0,
    0, -11, -11, -7, 0, 0, -7, 0,
    -7, -7, 0, 0, 0, -13, -4, 0,
    0, 0, -4, -11, 0, -11, -4, 0,
    0, 0, 0, 0, 0, 0, 0, 0,
    0, 0, 0, 0, 0, 0, 0, 0,
    0, 0, 0, 0, 0, 0, 0, 0,
    0, 0, 0, 0, -16, -9, -9, 0,
    0, 0, 0, 0, 0, 0, 0, 0,
    0, 0, 0, 0, 0, 0, 0, 0,
    0, 0, 0, 0, 0, 0, 0, 0,
    0, 0, 0, 0, 0, 0, 0, 0,
    0, 0, 0, 0, 0, 0, 0, 0,
    0, 0, 0, 0, 0, 0, 0, -9,
    -7, 0, 0, 0, 0, -4, 0, -4,
    2, 0, 0, 0, 0, 0, 0, 0,
    0, 0, 0, 0, 0, 0, 0, 0,
    0, 0, 0, 0, 0, 0, 0, 0,
    0, 0, 0, 0, 0, 0, 0, 0,
    0, 0, 0, 0, 0, 0, 0, 0,
    0, 0, -11, 0, 0, 0, 0, 0,
    0, -7, 0, 0, 0, 0, 0, 0,
    0, 0, 0, 0, 0, 0, 0, 0,
    0, 0, 0, 0, 0, 0, 0, 0,
    0, 0, 0, 0, 0, 0, 0, 0,
    0, 0, 0, 0, 0, 0, 0, 0,
    0, 0, 0, 0, 0, -13, 0, 0,
    0, 0, 0, 0, 0, 0, 0, 0,
    -4, 0, 0, 0, 0, 0, 0, 0,
    0, 0, 0, 0, 0, 0, 0, 0,
    0, 0, 0, 0, 0, 0, 0, 0,
    0, 0, 0, 0, 0, 0, 0, 0,
    0, 0, 0, 0, 0, 0, 0, 0,
    0, -9, -9, 0, 0, 0, 0, 0,
    0, 0, -7, 0, -9, 0, 0, 0,
    0, 0, 0, 0, 0, 0, 0, 0,
    0, 0, 0, 0, 0, 0, 0, 0,
    0, 0, 0, 0, 0, 0, 0, 0,
    0, 0, 0, 0, 0, 0, 0, 0,
    0, 0, 0, -11, 0, 0, 0, 0,
    0, 0, 0, 0, 0, 0, 0, 0,
    0, 0, 0, 0, 0, 0, 0, 0,
    0, 0, 0, 0, 0, 0, 0, 0,
    0, 0, 0, 0, 0, 0, 0, 0,
    0, 0, 0, 0, 0, 0, 0, 0,
    0, 0, 0, 0, 0, 0, -9, -7,
    0, -4, -7, 0, 0, 0, 0, 0,
    0, 0, 0, -9, -9, -9, 0, 0,
    0, 0, 0, 0, 0, 0, 0, 0,
    0, 0, 0, 0, 0, 0, 0, 0,
    0, 0, 0, 0, 0, 0, 0, 0,
    0, 0, 0, 0, 0, 0, 0, 0,
    0, -9, -9, -4, 0, 0, 0, 0,
    0, 0, 0, 0, 0, 0, 2, 0,
    0, 0, 0, 0, 0, 0, 0, 0,
    0, 0, 0, 0, 0, 0, 0, 0,
    0, 0, 0, 0, 0, 0, 0, 0,
    0, 0, 0, 0, 0, 0, 0, 0,
    0, 0, 0, 0, -16, 2, 2, 0,
    0, 0, 0, 0, 0, 0, 0, 0,
    0, -4, -7, -7, 0, 0, 0, 0,
    0, 0, 0, 0, 0, 0, 0, 0,
    0, 0, 0, 0, 0, 0, 0, 0,
    0, 0, 0, 0, 0, 0, 0, 0,
    0, 0, 0, 0, 0, 0, 0, 0,
    0, 0, 0, 0, 0, 0, 0, 0,
    -4, 0, 0, 0, 0, -11, -11, 0,
    0, 0, 0, 0, 0, 0, 0, 0,
    0, 0, 0, 0, 0, 0, 0, 0,
    0, 0, 0, 0, 0, 0, 0, 0,
    0, 0, 0, 0, 0, 0, 0, 0,
    0, 0, 0, -22, -22, 0, 0, 0,
    0, 0, 0, 0, 0, 0, 0, 0,
    0, 0, 0, 0, 0, 0, 0, 0,
    0, 0, -11, 0, 0, -11, -11, 0,
    0, -9, 0, -4, 0, 0, 0, 0,
    -9, 0, 0, -4, 0, -16, 0, 0,
    0, -2, 0, -9, -13, -22, -4, -4,
    0, 0, 0, 0, 0, 0, 0, 0,
    0, 0, 0, 0, 0, 0, 0, 0,
    0, 0, 0, 0, 0, 0, -2, 0,
    -4, -4, 0, 0, 0, -7, 0, -9,
    -4, 0, 0, -4, 0, 0, 0, 0,
    -4, 0, 0, 0, 0, 0, 0, 0,
    0, -7, -4, 0, 0, 0, 0, 0,
    0, 0, 0, 0, 0, 0, 0, 0,
    0, 0, 0, 0, 0, 0, 0, 0,
    0, 0, 0, 0, 0, 0, 0, 0,
    0, 0, 0, 0, 0, 0, 0, 0,
    0, 0, 0, 0, 0, 0, 0, 0,
    0, 0, 0, 0, -11, -11, 0, 0,
    0, 0, 0, 0, 0, 0, 0, 0,
    0, 0, 0, 0, 0, 0, 0, 0,
    0, 0, 0, 0, 0, 0, 0, 0,
    0, 0, 0, 0, 0, 0, 0, 0,
    0, 0, 0, 0, 0, 0, 0, 0,
    0, 0, 0, 0, 0, 0, -11, -13,
    -13, 0, 0, 0, 0, 0, 0, 0,
    0, 0, 0, 0, 0, 0, 0, 0,
    0, 0, 0, 0, 0, 0, 0, 0,
    0, -4, -4, 0, 0, 0, 0, 0,
    0, 0, 0, 0, 0, 0, 0, 0,
    0, -7, 0, 0, 0, 0, 0, 0,
    0, -11, -4, 0, 0, 0, 0, 0,
    0, 0, 0, 0, 0, 0, 0, 0,
    0, 0, 0, 0, 0, 0, 0, 0,
    0, 0, 0, 0, 0, 0, 0, 0,
    0, 0, 0, 0, 0, 0, 0, 0,
    0, 0, 0, 0, 0, 0, 0, 0,
    0, 0, 0, 0, -7, -9, -9, 0,
    0, 0, 0, 0, 0, 0, 0, 0,
    0, 0, 0, 0, 0, 0, 0, 0,
    0, 0, 0, 0, 0, 0, 0, 0,
    0, 0, 0, 0, -7, 0, 0, 0,
    0, 0, 0, 0, 0, 0, 0, 0,
    0, 0, 0, 0, 0, -7, 0, -7,
    -20, -18, 0, 0, 0, 0, 0, 0,
    0, 0, 0, 0, 0, 0, 0, 0,
    0, 0, 0, 0, 0, 0, 0, 0,
    0, 0, -9, -9, 0, 0, 0, -7,
    0, -9, 0, 0, 0, -11, 0, 0,
    0, 0, -18, 0, 0, 0, -7, 0,
    0, 0, -20, -16, -18, 0, 0, 0,
    0, 0, 0, 0, 0, 0, 0, 0,
    0, 0, 0, 0, 0, 0, 0, 0,
    0, 0, 0, 0, 0, -4, -4, 0,
    0, 0, 0, 0, 0, 0, 0, 0,
    0, 0, 0, 0, 0, -4, 0, 0,
    0, 0, 0, 0, 0, -16, -20, -20,
    0, 0, 0, 0, 0, 0, 0, 0,
    0, 0, 0, 0, 0, 0, 0, 0,
    0, 0, 0, 0, 0, 0, 0, 0,
    0, 0, 0, 0, 0, -4, 0, 0,
    0, 0, 0, -9, 0, 0, 0, 0,
    -4, 0, 0, 0, 0, 0, 0, 0,
    -16, -18, -16, 0, 0, 0, 0, 0,
    0, 0, 0, 0, 0, 0, 0, 0,
    0, 0, 0, 0, 0, 0, 0, 0,
    0, 0, 0, 0, 0, 0, 0, 0,
    -2, 0, 0, 0, 0, 0, 0, 0,
    0, 0, 0, -4, 0, 0, 0, 0,
    0, 0, 0, -13, -4, -4, 0, 0,
    0, 0, 0, 0, 0, 0, 0, 0,
    0, 0, 0, 0, 0, 0, 0, 0,
    0, 0, 0, 0, 0, 0, 0, 0,
    0, 0, 0, 0, 0, 0, 0, 0,
    0, -7, 0, 0, 0, 0, 0, 0,
    0, 0, 0, 0, 0, 0, -7, -7,
    -7, 0, 0, 0, 0, 0, 0, 0,
    0, 0, 0, 0, 0, 0, 0, 0,
    0, 0, 0, 0, 0, 0, 0, 0,
    0, 0, 0, 0, 0, 0, 0, 0,
    -4, 0, 0, 0, -13, 0, 0, 0,
    0, 0, -11, -16, 0, 0, 0, 0,
    0, -7, 0, 0, 0, 0, 0, 0,
    0, 0, 0, 0, 0, 0, 0, 0,
    0, 0, 0, 0, 0, 0, 0, 0,
    0, 0, 0, 0, 0, 0, 0, 0,
    0, 0, 0, 0, 0, 0, 0, 0,
    0, 0, -16, -7, 0, 0, 0, 0,
    0, 0, 0, 0, 0, -7, -7, 0,
    0, 0, 0, 0, 0, 0, 0, 0,
    0, 0, 0, 0, 0, 0, 0, 0,
    0, 0, 0, 0, 0, 0, 0, 0,
    0, 0, 0, 0, 0, 0, 0, 0,
    0, 0, 0, 0, 0, 0, 0, 0,
    0, 0, 0, 0, 0, 0, 0, -11,
    -11, -7, 0, 0, 0, 0, 0, 0,
    0, 0, 0, 0, 0, 0, 0, 0,
    0, 0, 0, 0, 0, 0, 0, 0,
    0, 0, 0, 0, 0, 0, 4, 0,
    0, 0, 0, 0, 0, 0, 0, 0,
    0, 0, 0, 0, 0, 0, 0, 0,
    0, 0, -11, -2, -2, 0, 0, 0,
    0, 0, 0, 0, 0, 0, 0, 0,
    0, 0, 0, 0, 0, 0, 0, 0,
    0, 0, 0, 0, 0, 0, 0, 0,
    0, 0, 0, 0, 0, 0, 0, 0,
    0, 0, 0, 0, 0, 0, 0, 0,
    0, 0, 0, 0, 0, -11, -7, -7,
    0, 0, 0, 0, 0, 0, 0, 0,
    0, 0, 0, 0, 0, 0, 0, 0,
    0, 0, 0, 0, -13, 0, 0, 0,
    0, 0, 0, 0, 0, 0, 0, 0,
    0, 0, 0, 0, 0, 0, 0, 0,
    -7, 0, 0, 0, 0, 0, 0, 0,
    -9, -7, -7, 0, 0, 0, 0, 0,
    0, 0, 0, 0, 0, 0, 0, 0,
    0, 0, 0, 0, 0, 0, 0, -16,
    0, 0, 0, 0, 0, 0, 0, 0,
    0, 0, 0, 0, 0, 0, 0, 0,
    0, 0, 0, -4, 0, 0, 0, 0,
    0, 0, 0, -11, -4, -4, 0, 0,
    0, 0, 0, 0, 0, 0, 0, 0,
    0, 0, 0, 0, 0, 0, 0, 0,
    0, 0, 0, 0, 0, 0, 0, 0,
    0, 0, 0, 0, 0, 0, 0, 0,
    0, 0, 0, 0, 0, 0, 0, 0,
    0, 0, 0, 0, 0, 0, -7, -9,
    -4, 0, 0, 0, 0, 0, 0, 0,
    0, 0, 0, 0, 0, 0, 0, 0,
    0, 0, 0, 0, 0, 0, 0, 0,
    0, 0, 0, 0, 0, 0, 0, 0,
    0, 0, 0, 0, 0, 0, 0, 0,
    0, 0, 0, 0, 0, 0, 0, 0,
    0, -4, 0, 0, 0, 0, 0, 0,
    0, 0, 0, 0, 0, 0, 0, 0,
    0, 0, 0, 0, 0, 0, 0, 0,
    0, 0, 0, 0, 0, 0, 0, 0,
    0, 0, 0, 0, 0, 7, 0, 0,
    0, 0, 0, 0, 0, 0, 0, 0,
    0, 0, 11, 0, 2, -9, -9, 0,
    0, 0, 0, 0, 0, 0, 0, 0,
    0, 0, 0, 0, 0, 0, 0, 0,
    0, 0, 0, -4, 0, 0, 0, 0,
    0, 0, 0, 0, 0, 0, 0, 0,
    0, 0, 0, 0, 0, 0, 0, -7,
    0, 0, 0, 0, 0, 4, 0, -4,
    -7, -7, 0, 0, 0, 0, 0, 0,
    0, 0, 0, 0, 0, 0, 0, 0,
    0, 0, 0, 0, 0, 0, -7, 0,
    0, 0, 0, 0, 0, 0, 0, 0,
    0, 0, 0, 0, 0, 0, 0, 0,
    0, 0, 0, 0, 0, 0, 0, 0,
    0, 0, -11, -7, -7, 0, 0, 0,
    0, 0, 0, 0, 0, 0, 0, 0,
    0, 0, 0, 0, 0, 0, 0, 0,
    0, -7, 0, 0, 0, 0, 0, 0,
    0, 0, 0, 0, 0, 0, 0, 0,
    0, 0, 0, 0, 0, 0, 0, -4,
    0, 0, 0, 0, 0, -11, 0, 0,
    0, 0, 0, 0, 0, 0, 0, 0,
    0, 0, 0, 0, 0, 0, 0, 0,
    0, 0, 0, 0, 0, 0, 0, 0,
    0, 0, 0, 0, 0, 4, 0, 0,
    0, 0, 0, 0, 0, 0, 0, 0,
    0, 0, 0, 0, 0, 0, 0, 0,
    0, -11, -7, 0, 0, 0, 0, 0,
    0, 0, 0, 0, 0, 0, 0, 0,
    0, 0, 0, 0, 0, 0, 0, 0,
    0, 0, 0, 0, 0, 0, 0, 0,
    0, 0, 0, 0, 0, 0, 0, 0,
    0, 0, 0, 0, 0, 0, 0, 0,
    0, 0, 0, -11, 0, 0, 0, 0,
    0, 0, 0, 0, 0, 0, 0, 0,
    0, 0, 0, 0, 0, 0, 0, 0,
    0, 0, 0, 0, 0, 0, 0, 0,
    0, 0, 0, 0, 0, 0, 0, 0,
    0, 0, -13, -13, 0, 0, 0, 0,
    0, -11, 0, 0, 0, 0, 0, -4,
    -4, 0, 0, 0, 0, 0, 0, 0,
    0, 0, 0, 0, 0, 0, 0, 0,
    0, 0, 0, 0, 0, 0, 0, 0,
    0, 0, 0, 0, 0, 0, 0, 0,
    0, 0, 0, 0, 0, 0, 0, 0,
    0, 0, 0, 0, 0, 0, 0, 0,
    0, 0, -4, 0, 0, 0, 0, 0,
    0, 0, 0, 0, 0, 0, 0, 0,
    0, 0, 0, 0, 0, 0, 0, -4,
    0, 0, 0, 0, 0, 0, 0, 0,
    0, 0, 0, 0, 0, 0, 0, 0,
    0, 0, 0, 0, 0, 0, 0, 0,
    0, -4, 0, 0, 0, -4, -4, 0,
    0, 0, 0, 0, 0, 0, 0, 0,
    0, 0, 0, 0, 0, 0, 0, 0,
    0, 0, 0, 0, 0, 0, 0, 0,
    0, 0, 0, -4, -4, 0, 0, 0,
    0, 0, -2, 0, 0, 0, 0, -7,
    0, 0, 0, 0, 0, 0, 0, -11,
    -13, -9, 0, 0, 0, 0, 0, 0,
    0, 0, 0, 0, 0, 0, 0, 0,
    0, 0, 0, 0, 0, 0, 0, 0,
    0, 0, 0, 0, 0, 0, 0, 0,
    0, 0, 0, 0, 0, 0, 0, 0,
    0, 0, 0, 0, 0, 0, 0, 0,
    0, 0, -7, 0, 0, 0, 0, 0,
    0, 0, 0, 0, 0, 0, 0, 0,
    0, 0, 0, 0, 0, 0, 0, 0,
    0, 0, 0, 0, -7, 0, 0, 0,
    0, 0, 0, 0, 0, 0, 0, 0,
    0, 0, 0, 0, 0, -4, 0, 0,
    0, 0, 0, -4, 0, 0, 0, 0,
    0, 0, 0, 0, 0, 0, 0, 0,
    0, 0, 0, 0, 0, 0, 0, 0,
    0, 0, 0, 0, 0, 0, 0, 0,
    0, 0, 0, 0, 0, 0, 0, 0,
    0, 0, 0, 0, 0, 0, 0, 0,
    -4, 0, 0, 0, 0, 0, 0, 0,
    0, -13, -13, 0, 0, 0, 0, 0,
    0, 0, 0, 0, 0, 0, 0, 0,
    0, 0, 0, 0, 0, 0, 0, -7,
    0, 0, 0, 0, 0, 0, 0, 0,
    0, 0, 0, 0, 0, 0, -4, 0,
    0, 0, 0, 0, 0, 0, 0, 0,
    0, 0, 0, -11, -13, -13, 0, 0,
    0, 0, 0, 0, 0, 0, 0, 0,
    0, 0, 0, 0, 0, 0, 0, 0,
    0, 0, 0, 0, 0, 0, 0, 0,
    0, 0, 0, -4, 0, 0, 0, 0,
    -4, 0, -7, -7, 0, 0, -4, 0,
    0, 0, 0, 0, 0, 0, -11, -2,
    -2, 0, 0, 0, 0, 0, 0, 0,
    0, 0, 0, 0, -13, -13, 0, 0,
    0, 0, 0, 0, -9, -9, 0, 0,
    0, 0, 0, -4, -4, -4, -11, 0,
    0, 0, 0, 0, -2, -13, -13, 0,
    0, -7, 0, 0, 0, 0, 0, -11,
    0, 0
};


/*Collect the kern class' data in one place*/
static const lv_font_fmt_txt_kern_classes_t kern_classes =
{
    .class_pair_values   = kern_class_values,
    .left_class_mapping  = kern_left_class_mapping,
    .right_class_mapping = kern_right_class_mapping,
    .left_class_cnt      = 62,
    .right_class_cnt     = 51,
};

/*--------------------
 *  ALL CUSTOM DATA
 *--------------------*/

#if LVGL_VERSION_MAJOR == 8
/*Store all the custom data of the font*/
static  lv_font_fmt_txt_glyph_cache_t cache;
#endif

#if LVGL_VERSION_MAJOR >= 8
static const lv_font_fmt_txt_dsc_t font_dsc = {
#else
static lv_font_fmt_txt_dsc_t font_dsc = {
#endif
    .glyph_bitmap = glyph_bitmap,
    .glyph_dsc = glyph_dsc,
    .cmaps = cmaps,
    .kern_dsc = &kern_classes,
    .kern_scale = 16,
    .cmap_num = 10,
    .bpp = 1,
    .kern_classes = 1,
    .bitmap_format = 0,
#if LVGL_VERSION_MAJOR == 8
    .cache = &cache
#endif
};



/*-----------------
 *  PUBLIC FONT
 *----------------*/

/*Initialize a public general font descriptor*/
#if LVGL_VERSION_MAJOR >= 8
const lv_font_t font_noto_sans_basic_14_1 = {
#else
lv_font_t font_noto_sans_basic_14_1 = {
#endif
    .get_glyph_dsc = lv_font_get_glyph_dsc_fmt_txt,    /*Function pointer to get glyph's data*/
    .get_glyph_bitmap = lv_font_get_bitmap_fmt_txt,    /*Function pointer to get glyph's bitmap*/
    .line_height = 16,          /*The maximum line height required by the font*/
    .base_line = 2,             /*Baseline measured from the bottom of the line*/
#if !(LVGL_VERSION_MAJOR == 6 && LVGL_VERSION_MINOR == 0)
    .subpx = LV_FONT_SUBPX_NONE,
#endif
#if LV_VERSION_CHECK(7, 4, 0) || LVGL_VERSION_MAJOR >= 8
    .underline_position = -1,
    .underline_thickness = 1,
#endif
    .dsc = &font_dsc,          /*The custom font data. Will be accessed by `get_glyph_bitmap/dsc` */
#if LV_VERSION_CHECK(8, 2, 0) || LVGL_VERSION_MAJOR >= 9
    .fallback = NULL,
#endif
    .user_data = NULL,
};



#endif /*#if FONT_NOTO_SANS_BASIC_14_1*/

